sample_id,MIMAT0004602,MIMAT0003340,MIMAT0004592,MIMAT0004804,MIMAT0027498,MIMAT0027540,MIMAT0019020,MIMAT0023700,MIMAT0031178,MIMAT0022945,MIMAT0022286,MIMAT0027431,MIMAT0003228,MIMAT0022693,MIMAT0004748,MIMAT0019838,MIMAT0026720,MIMAT0019003,MIMAT0000103,MIMAT0027478,MIMAT0000070,MIMAT0031000,MIMAT0005586,MIMAT0018110,MIMAT0029782,MIMAT0027574,MIMAT0000093,MIMAT0003240,MIMAT0024598,MIMAT0027654,MIMAT0027359,MIMAT0027660,MIMAT0018971,MIMAT0031180,MIMAT0018192,MIMAT0004952,MIMAT0019964,MIMAT0016849,MIMAT0031016,MIMAT0027590,MIMAT0018997,MIMAT0027686,MIMAT0000075,MIMAT0027575,MIMAT0018931,MIMAT0019737,MIMAT0004610,target,split
GSM2278615,-0.6325591399429326,-0.6186002785870127,-0.3883054204936569,-0.0063889660020789,0.6825438684714105,-0.2814331637864177,0.2955075623271541,0.6746276229423026,-0.6361809639379232,-0.0396906448349066,-0.0318058723292341,-0.4384862978652311,0.9909819431097718,-0.2606422246036909,0.3405497382510372,0.8371918215140992,0.9906717683264225,0.1299253902807584,1.1523920968935826,0.5583119042344271,1.0307204928406395,1.0536213711705151,-0.1730278506682551,-0.1980820862804633,-1.55616265557393,-0.1527312169971156,-0.1178700534142489,-0.3218112123561286,0.9656942574590262,0.5800600628682172,1.1522851168927668,0.0918524459250829,0.063929260949825,-0.1135852399121128,-0.8181670707499777,0.2034070561614681,0.7461028645279889,-0.5382534673779804,-1.077062450215699,0.4072446178215334,-0.1883107968970148,-0.5037632415210067,0.1266279724445765,-0.1366232325506149,0.4643960794863022,-0.1756664993359681,-0.3702499736944393,1,train
GSM2278616,-0.5585604594412978,-0.4776581737093015,-0.4739141024289258,0.0326180795619142,0.2704735986546066,-1.4325495076933743,0.4150294218712702,1.9989366193631903,1.1267338299381886,-1.1507504283597096,-0.4106847915146434,-0.3940731978235238,-1.1302231385224442,-0.2669084622446241,0.6689566578753583,-0.5611490947964815,-0.2138605481958229,-0.2847243887330175,0.9533768544352256,2.3274941128420297,1.7732041500164202,0.9036938184031452,0.4361557910368004,-0.5323185465949566,-1.014999228946774,0.1260847931961743,-0.078969559492996,-0.1739493681133625,0.1385607687677684,-0.2212316011895704,-0.0169695480071322,-0.4762516697749734,-0.6501823217969553,-0.4492910228680825,-0.0129255131762439,1.1773768467232582,0.5256422008510188,-0.515910151469854,-1.3207323065009011,-0.8508560120025725,-0.3384896266187945,-0.8106869166252398,0.7156278000938594,1.9085687597452057,-0.2190912753882328,-1.4571028155500974,-1.0026996981154752,1,train
GSM2278617,-0.0662347910443324,0.5759553954714502,-0.6084972606593576,-1.190761649275845,0.2125156571023563,-0.9123927666728048,0.3635964781820111,0.1745780271970402,-0.5363690400269883,-0.7694358315006159,0.0868104529206292,-0.6054070271670225,-0.8792407840063712,-0.6492009344941317,0.1381807388187007,-0.8698106675250832,-0.4092115572805674,-0.8557059245746655,0.4031918752043046,0.3790079554053862,0.6847403318378723,0.0133287813841147,2.336522595798788,-0.7550977734129706,0.2465836343546361,2.028289238894214,0.535051086757506,-0.4965956939172268,0.3805754560601129,-0.4852805973594948,0.5019136735839712,-1.4098285513612143,-0.6352536653375442,0.1539081258349259,-1.115327173012237,0.4412769110150293,-0.0571225652834932,-0.0426761509661964,0.4708529878921653,0.0798502855459816,-1.09933257241795,-0.1140390634825532,-0.2206552968118026,-0.1332619124567216,0.3154707564128958,0.1458481279689061,0.0359840098095474,1,train
GSM2278618,-0.3821812631976495,-0.6722886068373563,-0.3925245509161675,-0.0858066762573822,-0.1867102852438142,-1.22310655815449,-0.7151789688303676,-0.0542041926894064,-0.3450286946234733,-0.4117971890081154,0.0774946537635723,-0.3338364246143796,0.3319099048450488,-0.3853191474925131,0.5486526503435015,-0.9181551847462888,-0.2428998679749131,-0.4091148772864216,-1.0394557922929968,1.1597762877911773,-0.7940881620633322,0.527364582827905,0.0569880030417706,-2.3122206262746525,-0.3603471223331557,0.1497688246431948,-0.7678625502826385,-0.3256456410011324,1.1889183140991086,0.1887314485512443,1.3777528842552156,-1.642709747691417,3.160955618372067e-05,-0.2429096408858999,-0.3893782645864114,0.5989548746006095,-0.5812392862229018,-0.2362361326650807,-2.899990093971481,1.579698671849736,0.0069463017604875,0.3219302640123085,-0.6204425329592823,-0.1289827490988588,-0.3853231334576061,-0.698837355381652,-0.5724960509881281,1,train
GSM2278619,-0.4795717950072639,-0.3055396203470707,-0.4243408778657623,-0.0363039799766874,-0.3484323840185805,-0.809019626744081,0.9138950276601266,-0.4054384514161518,-0.5064920206611371,0.1635633996485805,0.9153233794398448,0.1738799022711314,-0.6263916298667467,-0.7484710447586936,-0.7383689531137546,0.9259459361037278,-0.6233376146645436,-0.7020575361222844,-0.910481172643818,-0.8393019084480193,-1.453257107942173,0.367640690704765,0.1785050860265225,-0.4319625621931257,0.7235096121201854,0.2940215136369016,-1.7649694694090838,-0.4910618752582511,-0.3364446659605473,-0.1640733472835748,0.8943178740376263,-1.2824333004534707,0.078501348592745,0.7381135311588035,0.2272892489728083,-0.8130496793349903,-0.1661964933087486,-0.7281271377395085,-0.3680497241786183,-0.3087680761627004,-0.0926349379610086,-1.0358714244689644,-0.6861406687691849,0.4866715061023798,-0.8987325370672161,0.2415833679205995,-1.0210533935920214,1,train
GSM2278621,-0.573679301580953,-0.4033463368767229,-0.1131470304855195,-0.8085968696214353,0.5187318755169512,-0.489447510549004,0.9334038430985144,0.5504955910619981,-0.1812539195693389,-1.1420717415709083,0.0724920259996176,-0.5945918650912263,-0.0298493736214287,-0.5033913500692023,-0.6960508950198181,-0.247584238850511,0.8262588799789534,-0.4193281623828987,-0.9404726229261776,-0.4420843257484277,-1.7336316360170947,-0.1565517015611301,0.5416208382795851,-0.6006219224452298,0.6144792134138696,0.7713335722622129,0.050294631226646,0.0357498511378512,-0.0116814220450068,0.7715247723216772,0.1746204080797812,-1.561224118415151,0.2339763568169233,0.6918631643618743,-0.6874088943141664,-0.4174351729702518,0.2116494256205502,-0.3542720700082519,-0.2581975444778311,-0.0479693161428903,0.1831736585197942,0.6545991423192948,-0.532248605625386,1.2114039452337542,-0.171829523539865,-0.412801752857646,-0.099223334642787,1,train
GSM2278622,-0.5570688789344623,-0.8206828643571208,-0.543069455400664,-0.1560332741699442,-0.7343782540808116,-0.291833216715754,-0.2700706772050675,0.613103728967678,-0.0894473945891903,0.0938930220128559,-0.0971184812575337,-0.4582318084161831,-0.5648426111033962,-0.6632022347209945,-0.791411262534728,-0.932723884437305,-0.6554242825827881,-0.5245473308212221,-0.3749998374630344,-0.2334258664941496,0.7515146762166969,0.0606982461993724,1.0801043631984606,-1.375162076079255,0.2904578454047915,1.234391078805721,-1.1888589527188085,-0.2904996760044424,-0.0619190787437172,0.0037294958220267,0.4265591082960846,0.4133185565069635,-0.1178118014204482,-0.4424484984805693,0.4043464204663267,1.8975516878101504,0.3240897849231244,0.3750174428467161,-0.809880437987063,0.0560271908469887,-0.1150472794213133,0.6873338546128227,-0.3169702070135219,-0.9544134536390642,0.0174152973873472,0.1730278673762485,0.3951798813532679,1,train
GSM2278624,-0.7470131206119491,0.4983374011294303,-0.3686922014705032,-0.1016298562199059,-1.7475249518235254,0.1232369024238732,0.3940549725816857,-0.019224153452055,-0.3693339567392599,-0.3351114359618632,2.114587121943422,-0.8897292463275593,-0.5191108729099358,-0.2007471910466311,-0.2216539596250736,-0.7333261107326742,-0.2958989170803868,-0.207611972325083,-0.7018532563665442,0.1020282780874589,-0.052903249267536,-0.1084669220648745,0.6030123030828,0.3280012509648302,-0.8373938152908764,-0.714680981810439,-0.3937925335191334,-0.4602170752423722,0.7241801046418918,-0.3093792088332999,-0.0583582337532785,-1.793360364968333,0.1867779853118776,0.0472890214795815,0.126331346636636,0.2327143323281346,0.8601680696732483,0.4181791644454126,-0.1944378955343798,0.2431505757811501,-0.3170077569296566,-0.3762166179800874,0.8602271241455366,-0.319458730974676,-0.3578494602684892,-0.4445051636903064,0.2439017476413564,1,train
GSM2278625,-0.4333648680288775,-0.0566319936274014,-0.7638463934880934,-0.3374701075208591,-0.3961338114610054,0.5245244690711699,0.207197780618235,0.6844097872684386,-0.8350741516154924,-0.5442801629603617,-0.4281522581000395,-0.5557101863987401,0.8254527422272807,-0.4391380178831347,0.6372262081240588,-0.9371662836169782,0.1412192112857454,-0.6532099307445083,-0.0757195491338346,-0.139670701606434,-0.0963371238279153,1.5732145133117388,1.9270043601382167,-0.877108785422478,1.1995387388664405,1.0252605748882857,-0.0943003920678157,-0.6344680427337707,-0.3554191898335438,0.4593097631062312,0.0632135198086091,-0.7579325490333705,-0.2339630302356329,-0.7383519874769658,0.2567948631713468,0.7487474020440431,0.6332410611219466,-0.0156313880495107,0.2286647851688133,0.3251136668344383,0.0829687811369188,-0.6241364528798602,0.0039674024031099,-0.1061037910474479,-1.0264480363741686,-1.0921993884702976,0.5975985225778233,1,train
GSM2278626,-0.674524768125989,-0.1477590522085266,-0.3833257691466531,-0.8583747941659947,0.6110698464277157,-0.0196108570845094,1.2092867173082276,0.6404891310949209,-0.5490111518202968,-0.8708962063091283,-0.6698112617077652,0.1066836838459006,-0.4107441304546037,-0.6011737364401211,-0.5319758053621942,-0.2222523723062461,-0.1406000287412115,-0.7643844873478093,-0.7683506831971257,1.2003248900314378,-1.3673319449243138,0.1087470961168662,0.7465255372865054,0.4449222643899639,1.2423344093671769,-0.3084637326179352,0.1732476920966653,0.0746075729492655,0.8186971801397056,0.3509790258299808,0.9690781954936404,-0.0296085147446351,0.3873115133279466,-0.0779673242140188,-0.8917083482333835,0.822947968148493,0.737375566529892,-0.5319222497739269,-1.0126913421370618,-0.3944711456506443,-0.6794152444642727,-0.30402141453503,0.0455606421951179,0.8945175726631406,-0.0538807789773093,-1.5769173711478917,-1.3324916506925188,1,train
GSM2278628,-0.4896301562347561,0.4583695008160349,-0.4685796152036899,0.2808993118186307,1.2866981535977355,-1.1353941417867983,-0.5066270164669993,0.0552421126979651,0.6466099164239518,0.1618944803565458,-0.1053687283256574,0.2589088409196091,-0.6625253818361396,-0.7416171168800633,-1.3445741331895338,1.4827138801118924,-0.2343636648322362,-0.2845513816373876,-0.8112758050235187,-1.5923121545768004,-1.129683505108268,0.4349134849873263,-0.1493237564344622,0.4819527408491991,-0.3075671438924381,-0.3786979679296889,-0.3919980551870713,0.5809558247499667,0.8459413282828391,-0.1544041054349429,0.9222902226333656,0.1454144566444447,-0.995722043079757,1.4227782138566436,-0.4420620644746362,0.6603805355496366,0.2519101078978588,-0.6497460667916597,-0.4469399991565488,0.9538572772086952,-0.4966525170672308,-0.8679087109614136,-0.9605601919439656,1.5236607943102862,-0.3038040882151674,-0.6225714147265222,0.0522395008310074,1,train
GSM2278629,-0.2846292475083808,-0.2885379122188758,0.0452186403441998,-0.4239023616981682,-0.7238870474008642,-0.2783862376087814,1.7750428226240096,0.750231525257333,0.5175121388053223,0.2727521144776896,-0.4643627034085898,-0.4153515143218733,0.088779352888471,0.6019015200944118,-0.5084450625349386,-1.5535320236566124,0.1646484642559914,-0.3160261952537494,-0.8143724860678523,0.4310140143362932,0.2493617618899662,0.5620142811851058,1.102058414337712,-0.5866661146199758,-0.985994758564811,0.992728334025204,-0.7001975221612144,-1.1791994529321868,0.1592205254781985,-0.7067893521304125,0.9395381164452538,0.8858714126855879,0.1647511475274965,-0.0202391792239637,-0.3049069381156142,-0.7290331987674581,0.7753752574200737,-0.3977936844096884,1.2413956408502238,1.792580464941495,-0.8994430639280102,-0.4046283722985003,0.5365558491006942,-0.0511989593923256,-0.6218442187854417,-0.929125890739743,0.0198749392495958,1,train
GSM2278632,-0.3403185331995741,-0.8406089540761232,-0.1713150669813964,-0.8870111743001193,-1.8175900152859708,-0.2079619368588018,0.5947973861406611,0.8919884311525379,-0.3594046657985362,-0.7653361272229043,0.9348836830437202,-0.8645916931663178,0.0212359584181568,-0.6323873739058736,-0.947501644856334,-1.0629988313583036,-0.1827765843772782,-0.0155658828588769,-0.5222586216363959,1.5429806107770765,0.1048675041251723,-0.6059526341976421,0.5966923148627711,1.570117403577331,0.8043219021412035,-0.6226534047434272,-0.4623085279287174,-0.8184601387581881,1.2747102102720027,0.1162396380293602,1.2490085474330117,-0.3208526203103566,-0.0668430526647624,-1.5604755012323066,0.6604947002644447,0.0433563361200333,0.0082830605954755,-0.3847111844513811,-0.4821285470825297,0.4095117042897468,-0.613377250283965,-0.2370479404148174,-0.6410159426042108,0.7421570634307803,-0.5857667693453107,-0.4139745522053784,-0.2461485649566029,1,train
GSM2278633,-0.4123936010180968,-0.7801199159870212,-0.4486243777112324,0.8251939867200805,0.0072392988306266,-1.3642566549676272,0.8912639409222249,0.9383856665514284,-1.0838831250568957,0.0327989716241265,1.1491352048911054,0.1279831657938923,-0.6474957424468277,-0.2788110111434339,-0.3740317266713844,-0.7484046125896776,-0.6683002466364656,-0.2064416090832667,-0.7658074378963049,0.2179777126021411,-0.4024632571254389,0.9569325574485948,0.4960228120147288,1.7177467570809122,0.8282889554872154,0.4026247795453052,-0.7581395656236921,-1.0852600336838845,0.2800361812703994,-0.649113401220024,0.1711049476357258,-0.557247220752343,-0.6423590628977709,-0.9369946130904286,-0.4019177320894041,-0.9885232106158928,-0.180793424853446,-1.0968299581086147,-0.7691765796384232,-0.4598293436246879,0.1518996554561433,-1.4216058706857688,-1.7339515831896717,0.760317438464692,-0.9908500240358724,-0.0405546014068555,0.9998963617148544,1,train
GSM2278634,-0.4270121958681455,-0.6073386719660099,-0.4982692451690342,-0.2585705282147403,0.3596240927190932,0.2749961377710987,1.0284883334833932,0.6958129227543343,-0.7029925525543992,-0.1818775863912762,-0.4000331052080901,-0.2266660410482442,-0.2541552374704578,-0.4493605909722316,0.6345301856859907,1.5209521436758895,-0.1592096590831115,-0.7300056259545963,0.4354463949128157,-0.2396463513105062,0.3313329887074527,0.4063936911950557,-0.4397636538693502,-1.0522919719365265,0.5545865646556107,0.0334265884994759,0.3193308895245521,-0.856537333316647,0.3166566290247881,-1.8232403331466775,0.3547771530814143,-1.776544786205654,-0.5754245057628761,-0.3282114190574143,-0.6282753487559931,-0.3342940586087052,0.1920942631049448,-0.6850025790176734,0.6959473422670026,-0.8529654299104765,-0.1961732430070107,-0.337639327733428,0.3385786515010709,0.7271669129131025,-0.497770511854546,-1.0025960041649289,-0.4398453999410487,1,train
GSM2278636,-0.4646154868096926,-0.6412551809639913,-0.0840165676970637,-1.517249056683645,0.0116273981221918,-0.9200729962092206,2.168138967974102,-0.5009194053199469,-0.5599247784266818,-1.121865458998236,-0.5091693877087832,0.107024230029491,0.3180439420502603,-0.3478746900284133,0.5871149958987932,-0.4532772172629126,0.6351332209463524,-0.1836722334766766,-1.282641932320066,1.146490468212702,-1.3823094671757692,-0.6577505151631315,-0.920137246943286,-0.8985473402437971,1.079849875821843,0.9853891580306008,-1.6449363968814037,-0.8011196111099596,-0.9297350252658544,-1.2533436649567549,-0.5142816659493222,-0.8672514178163454,-0.2835241484896881,-0.4633454128699031,-0.2012969274309999,0.2174936567325335,0.9294921733395296,-0.5752845831025751,-0.4488591995256918,0.5202870833324376,-0.2296157395919768,-0.2178723377333585,-0.812218858848632,0.0720216025795557,0.4457100767250711,0.628391698168855,0.3260429370569236,1,train
GSM2278637,-0.5482501870829227,0.3731740344260494,-0.5826617791702501,-0.1884310290537252,0.0689003227436858,-1.2167975859960942,0.6593655244708764,0.4485640266855831,0.2283611473703938,-0.0556588448346835,-0.3188625337909309,-0.1525196408085391,-0.7644759460232398,-0.1853839571039714,0.4100044059419724,-0.114287607392134,-0.1582400481964719,-0.6593511278372142,-0.2832705575316513,0.994991097979281,0.299301618277181,-0.3350508498480963,-0.8234133798437436,0.1522381283081758,-0.872866544517435,-0.2081267432890466,0.4632080950661599,-0.2166436737141013,-1.088191566245471,-0.0351727640175172,-0.7944155565736959,-0.5037874436192662,-0.433619489629895,-1.026422492916896,-0.2026490788574819,0.0225472401315819,-0.3438024275746838,-0.013211129810268,-1.2068304183681329,-0.1151798625000681,-0.2572018603716417,-0.4942300356556782,0.2243044404464717,1.286747031861904,-0.0101012445360784,-0.5706040070507227,-0.213588497263729,1,train
GSM2278638,-0.6076615849326721,-0.1806645385231201,-0.3937207540570064,-0.2384552942675162,-0.6402513456618543,-0.0344278248729845,0.94662049546277,1.687991487072506,-0.9590621562000242,0.2999267702834235,-0.9230295556122244,1.1808319866375157,1.161689491502245,-0.3705597541827988,-0.0356408042570095,0.8208593790808693,0.2708039742467904,-0.6047699415363867,-1.273934343317818,0.8139512707041644,0.1043997324108782,-0.0517083887529811,1.552672649481497,-0.2365958072913223,0.658656992685169,1.278538848487364,0.5272872804840452,-0.5913567087724381,1.3856263198704692,-0.5755769982012788,1.5391261878821023,-0.8927531003755976,-0.2029343495517544,-0.5930350474777338,-0.6302758152066666,0.3327595182283429,-0.0798619374868502,-0.5219697589121599,-0.3419310292908225,-0.63652527308688,-0.6890886368386918,-0.6835017673396772,-0.5228190631714719,0.29585053190884,-0.5665189438380374,-0.7211880537510824,0.0991097901277321,1,train
GSM2278639,-0.333362678783221,4.376458959575862e-05,-0.6165507512976984,0.1472285047801618,0.9714217067879864,-0.9010892913629583,-0.2775317360265197,0.6102736518982868,1.3384049002100753,1.147692425515047,0.3570158073584047,-0.8177827729223797,0.018942290677545,-1.0036242411540826,-0.489179517228233,0.5155448192001983,-0.3907084455599502,0.376146538234904,-0.3091476091539125,0.6293363106048441,0.7061616963409493,0.5224457419179255,-0.3115446828252794,-0.9133569697305072,0.1010939569764939,0.6445927222505544,0.3767906473829651,-0.5161961998479987,0.6430421198649536,-0.2478316179344697,1.0918449531763696,-0.2093859765614468,-0.6231718693448318,-0.9826728109380228,-0.9102623110345156,0.1188559234311801,1.6295319008379858,-0.6563370408462212,1.0794596342870086,0.798932852554457,0.3940411407456566,0.5151505004030025,-0.0787403826033486,0.7778847573317432,-0.3443509638118511,-0.3942396006603805,-0.1183035955039584,1,train
GSM2278640,-0.3935724161644813,-0.6718374826622775,-0.3270106229069467,-1.1374576090169872,-0.4286378964979966,0.2432257961544172,-0.5244490955383965,2.547683953984106,-0.3392554462771234,-0.7518500053472367,0.4794811278562278,0.1413421663277563,0.3444287502521133,-1.0214391722850835,-1.6001050830293435,0.6090211329790002,-0.8721298685707715,0.0437963234088687,-1.1837290592476784,0.5436621153593736,-0.1775307727982059,0.3369942654614438,0.6540519575041404,-0.6733793594496384,0.1610316645659531,-0.0755792603483034,0.4984361882672301,-0.447823833728789,0.1690774481264949,-1.4230822143265087,0.4658411315657848,-0.5341449176720168,-0.5660685623768564,-0.1408512146122891,0.3554645556680151,1.0732389422583126,0.2246707773090904,-0.1217539558169864,0.5875798189195396,1.258110984523395,-1.4920393553959743,0.0991034530120007,-1.3571184331764352,0.2115151121613001,-0.6654255556484991,-1.1455174667382386,-1.0504306604297555,1,train
GSM2278641,-0.2380189624142649,-0.1795425221279666,-0.4136317510365635,-0.0498345175048828,-1.1757228653471952,1.084590467109989,0.3230337933290068,1.1934707275675598,-0.6208342859538514,0.4774498075260771,0.4366597851767541,0.0889332151037462,-0.6472602388862725,-0.1856575358408634,-0.0718116779677472,-1.2489393237523776,-0.3344152392842497,-0.6269730387752407,0.1360651479333444,0.8435046542849556,-0.2303719149873569,-0.4921726928719845,2.8525415066474693,-0.4634519483452199,0.1796124793464188,0.732940814868736,0.4383176760989786,-0.0798530994294499,1.3753403887066,-0.0883502721296393,1.623035137647031,-0.7741196508792585,-0.6863633670273391,-0.5222441938196497,0.0089228962045614,0.7852517637371852,-0.2251217565321995,-0.3133269883515677,-0.5519504920349653,2.1331206371190605,0.1866853396401265,-0.5242190701723064,-0.8170070754368541,0.5563375122977394,-0.5640507840330475,0.5166083113431611,-1.0514020135730686,1,train
GSM2278642,-0.5333751628045154,-0.1361520990213537,-0.0619570242671342,0.0323742172739183,-1.54770284471449,0.505538401987733,1.4022279302666951,0.3903041822319117,-0.1145799466898125,0.085166480900665,1.028306974893895,-0.2286647650632026,-0.9105544237754136,-0.8590956319228192,-0.0469141713905373,0.5840835936939218,-0.324222246078365,-0.4181535781556769,0.4926139733737269,-0.1061127444261978,0.3042922793049374,-0.7419733158159257,-0.398240687234577,-0.8379858535982332,1.4766647482649056,-0.0161914604793168,-1.9833401622912716,-0.7733358444585647,-0.6140485627463635,0.3513865183964693,-0.8439175767636286,0.479038872396737,0.1304719182706676,0.0972286434625911,-0.5675859175073686,-0.5333733939919092,0.5508075005591099,-0.2387195714491554,-1.9261309379187408,-0.7240460577465025,-1.4307098458386605,0.1985675191888631,-1.41474094119355,-0.2008881207741912,-0.3738799688751978,0.1925343020955683,-0.3719292444819963,1,train
GSM2278645,-0.4188071530002799,-0.4747641018444581,-0.5786159785526843,-0.6198247030973393,-1.3335097162901517,-0.8728789784550743,0.1423935521712153,0.2591236637290877,0.543993115063157,-0.9628387894483256,1.2460741939265612,0.0025111853084151,-0.2126523188028652,-0.354357556977077,-0.6230816640580236,-0.0879158926577582,-0.5910743879980371,-0.0884354808903445,0.5189568904511849,0.2563234756876339,0.1436372226991888,-0.1201549358111516,-0.4198879654009039,0.0695068419459955,0.3134719831029675,0.4204645443461933,0.8696656148774221,-0.3964876327003003,0.5153900185571685,-0.4791694462453025,0.3343374265057696,-1.292899183569269,-0.2256725616458136,-0.2482880053409337,-0.0292741596244051,1.4451691897156569,-0.4815237241925784,0.1518895589543464,1.2036289291801991,-0.0270953224833736,-0.4901526093320209,-0.9317578764596122,-1.8355837470011145,0.2319360306708992,-0.4714672275936209,-0.2533929206512936,0.6279124813747624,1,train
GSM2278646,-0.4993759731591938,0.3088818873021179,-0.5182755226395837,-0.4693087913727748,-0.5751995461623004,-0.7083752747168947,1.543515368302402,-0.3083683817125817,0.6743714726484056,-0.4806507460405835,0.4793030063422053,-0.6781454627197081,-0.483203916522082,-0.5428069894026744,-0.7394920223849977,-0.7923627748692996,-0.5847083881405981,-0.6764748940849284,0.59249067541206,0.520235431540976,-0.3843277898456393,-0.03110566010362,0.6697454485945906,-0.4205168646529012,-0.7315266240566001,-0.2485087137265816,0.2761072479743553,-0.2720851723362359,-0.223043568386142,-1.0757269835914252,0.1346174574484293,-0.0599432834944829,-0.1778549345507611,-0.281224407465538,-1.2491280358719032,-0.93697883918928,0.2966532507269833,-1.0644980989225634,0.2566366484910053,0.4665903980054863,-1.0455003629549018,-0.0912630418605646,-0.5292873229939862,1.2441014983650438,-1.023115778400958,-0.5698724820046261,0.3909527358710157,1,train
GSM2278647,-0.330705660236834,-0.0809603614971715,-0.6807760658240637,-1.2606654842359235,-1.392102898985462,0.0714326450775263,0.7963194843665239,1.1969339101947598,-0.449740438704192,-0.3399676927750326,0.1553765429613939,-0.4505101272295729,-0.7374845827964798,-0.3525399357533138,0.2451038969883421,-1.414608530314461,-0.5852131444616764,-0.8172615780950283,-1.2399162729325617,1.0883941766845808,-0.5811224715201778,-0.3459758300031621,-0.1697621743335647,-1.165783854444754,-0.0270944690273986,0.4646636352265201,-0.1134324025843823,-0.4301078586745206,0.8136845806423962,-0.6829232879909313,1.3813654939637658,-0.4374620204055006,-0.7528863357868004,0.5133370686124269,-0.7840991838790102,0.1013891135438806,0.0883657740145429,-0.2920205889791561,0.6515128869312898,0.1651293047332921,-0.5599221943762959,-0.7933458199154562,1.0292213558363037,0.4610470668887812,-0.0120162974202955,-0.6567553181836862,0.5952129872896756,1,train
GSM2278649,-0.0262964345919135,0.4568337381854391,-0.465496155428917,-0.5492809553156013,-0.0034457770148516,0.2709097309791277,1.0536450091141705,-0.4278003321105448,-0.4987729481798124,-0.5713435183051814,-0.1477391212457377,-0.4974004081501461,-0.3269930931357763,-0.2568957995006715,0.1770829696404687,-0.3626867809444311,-0.6617891886171179,-0.8860459019270487,-0.9378647156820704,-0.3804366512115743,-0.6213333346352903,0.3172995833181675,-0.0241409188002558,0.1197773699628168,0.254927633682676,0.3261569066794159,-0.3640206889117239,0.3081286767493211,0.1463486258063832,-0.2803481163072123,0.3626390033313483,0.0281539560561226,-0.1790053892691808,-0.3851822091529125,-1.1013128717226937,-0.2976692556374163,-0.0420394843838613,-0.149896154362698,0.520940227654147,-1.4711748855903162,0.1645667904913514,-0.5040181657165609,-1.2602593975261849,0.6585701972286085,0.3545941271494855,-0.7110771787125436,1.0486776874057877,1,train
GSM2278650,-0.2254946968874419,0.4566753353936851,-0.7012287885696247,0.6026691774151075,0.5927106611017725,0.0342036893464426,1.3669526429951406,0.8963381878217298,-0.361883017060796,-0.4956006184334764,-0.5433006964124631,-0.0651998409128904,-0.6365641516280757,0.2057152871026992,0.4476033176236241,-0.4087153736235694,-0.4954721517318169,-0.4150031112429496,-1.2575106558378526,0.5807897982732209,-2.626403629417005,0.701040814731804,1.7545041763018954,0.1610909899880033,1.519252406167665,0.6285236782392457,-0.1912851112346461,-0.606787659529705,0.4452453378807639,0.5334728665777371,0.7378740660118955,-1.1809239682775232,-0.1556015508607804,0.0297074142627098,0.8349590147161609,-0.2264025258970239,0.1522040906621754,-0.7977134208164267,-0.2697874254091738,1.2171839031433238,0.4983037573748117,0.2786860305367344,-0.1794447588236982,0.0421950041423008,-0.9923540249694476,-0.4561299870923141,-0.9425179543098848,1,train
GSM2278651,-0.5244227985825877,-0.0994050825117208,-0.1399870949662433,0.2457644762980884,-1.467488132854922,0.054638104479246,0.8767505547598402,1.4715227294503563,0.9288155672736712,-0.4083839288965552,0.7922912688774615,-0.0740589636220787,0.2184391481790303,-0.5094497689531574,-1.0100919735541087,0.0511830870820187,0.8249932658732907,-0.6098207412473305,-0.1628567084117808,0.5437705891455353,0.2143546962884887,0.1731091491931659,0.2134608229004791,0.7651972291756431,0.2650309731398103,2.5903514888397,-1.4940851361493606,-0.8085498504401629,0.3103485436901095,-0.613162955308141,0.1513874577191056,0.0559842073060787,-0.7034897067190666,1.5345370248583885,0.2933199467995485,-0.4362296141342658,-0.2817441242520691,-1.638065348322794,-1.296236541797353,-0.5476821662883326,-0.3996035885702544,-0.6491219478875331,-0.5448736422422652,-0.2573846871999343,-0.3086662421741967,-0.0064686165763691,0.2272407405988976,1,train
GSM2278652,-0.6179102166070533,-0.9450220687840096,-0.4870886643781934,0.0407022890329798,0.2746770281607928,0.517370114242069,1.0596458150132806,1.3615267604517116,0.8540775569324901,-1.040010857072578,2.015650601711358,0.5778190451975145,0.0737989817516484,0.8153984499563035,0.3264819836873976,0.5458604756606891,0.2955969663708152,-0.085886858601221,-1.5726246514921058,0.1068777652989942,-1.4214495144796164,0.6285433662912273,0.832488305727516,-0.7178486953544975,-0.4067491069637149,0.6749549829648902,-0.4999639023678836,-0.259852157391627,1.1095612235676346,-1.125274928443869,0.9429307551861792,0.2212819913863863,-0.3414775870170806,-0.1891926903872273,-0.4081159068834893,-0.0440686103697555,-0.0672153945211136,-0.7625846399926424,-1.2655098983187565,1.0564497938980293,-1.2231532201027602,-0.3714959160563468,-0.9066052263933332,0.0210547979542425,-0.6391145364081748,-0.8715669186717808,-0.8062395804352823,1,train
GSM2278653,-0.3875252681778935,-0.2949123256308715,-0.7168792196359624,-0.0903665067765273,-0.0293639627918443,0.2205099017440523,0.7801259858947228,0.309527881979392,-0.7907369343600589,-0.7960362316467565,0.6875871407788638,-0.412210582819681,0.4556671931096885,-0.3150578931590657,-0.4873476273929885,-0.6495502088084251,-0.7726291505263057,-0.1625004566573836,-0.668554942298989,-0.2993185550791085,-0.8168486448344686,1.3470862078192454,0.6833039141093877,0.3267932614528187,0.1164918520977256,1.097697292403129,-0.4501015130122037,-0.3854003277066967,1.024216541793166,0.5055124221075622,1.180848171815085,0.8153738801096626,0.2136961899813253,1.0806563043333333,0.6102678031928139,0.1661965917547238,0.7532479784143441,-0.2303610383176633,-1.6102427538363242,-0.4030711559794795,0.405686257927134,-0.0998165990894445,-0.3112441169954018,-0.0153906986457652,0.077103380184366,0.2147868016276256,-0.3555560360994192,1,train
GSM2278654,-0.3960274996281668,-0.3311042181125198,-0.484417030991543,-0.1058958966792211,0.1917510413778989,0.0184211993231997,1.122881371529021,0.2726461781426404,-0.7480866331164252,-0.2505245613337417,0.5582097820903366,-0.7603234669163752,-0.6756128712106564,-0.7344547139636811,0.0657530081336455,0.8148361757419551,-0.3827574048648925,-0.3997509374980274,1.102611089936409,0.1949140610275903,-0.2821298654993853,0.4966301031211597,0.9706541236866104,-1.315200495424911,0.9973239828180482,0.1065093012022966,0.2801750880634681,-0.027169131767621,0.6127151497933263,-0.3358347929384062,0.9815942075184546,-0.1621847846775029,-1.2221409732687345,1.188353530212762,-0.2019788719362822,-0.9465344731814092,-0.2601090402118309,-0.3013090771224909,0.2179822916166415,1.9266715086687511,0.2549392308613095,-0.8281038446335901,-0.4859833532666365,1.0437343412332794,1.363652577854189,1.0628795744769843,-0.3848214199948067,1,train
GSM2278655,-0.2274081385331567,0.9887242999735194,-0.5875426994490671,0.5103474435566366,-0.7012151422522807,-0.9163171464018158,0.8156781152484439,0.4904587242711856,0.0991743563477879,0.5288825297277481,-0.1617028966620164,-0.6306658020925441,-0.1719231622900932,-0.1830733892362036,0.5271490161018401,-2.046965637744181,0.065463152130753,-0.4265238286825105,-0.0877051252554692,0.5091159293809459,0.0442160694263682,-0.9819435437438054,1.4929791280889937,-0.2066967002596899,0.6087641050695939,0.8541360015724011,0.1602705033379543,-0.4089786936435561,2.026992547565422,-0.2028035835683206,2.2064071497091797,0.1605573827874508,-0.5498100536223653,-0.9027848636705648,-0.6818653052778684,1.6578106529546166,0.7560258044563116,-0.3870676043957601,-0.7019870589505633,2.7057735090791963,-0.8868306148097395,-0.7122797957558357,0.3321722794934358,0.5350400325388274,-0.7253436594237792,-0.4834349881860438,0.3843947791720697,1,train
GSM2278656,-0.3995463814347056,-0.9048092752580456,-0.2969292324596677,-1.0206517479308148,-0.5303571970176377,-0.9699704200446078,1.4530177247692064,0.4162240052278224,-1.3131297545778222,-0.2684082795637833,-0.0762971425283322,0.2496647604398672,1.4019327403485742,-0.5655422267880329,-0.2737684271819777,-0.7726755277407263,-0.7486493627122511,-0.8198947856210532,-1.2615276857131414,0.0388345667361998,0.2032296994275013,0.309122352871811,-0.2439450962921298,-1.009068457390085,1.283517271281296,-0.506705803747893,-0.5615542214621467,-0.3582643596668267,0.7299639004286107,-0.2785620628930725,0.5926731975327779,0.4299523252022864,-0.5310667771142716,-0.1028019827092571,0.7528930423361099,-0.6652405014830226,0.6096291408697302,-0.4635552850312091,-1.7198029297529267,0.6263887215558405,0.1101540050282846,-0.2549709901214048,-1.0259803926576336,-0.2341343066756382,-0.3655945907003933,-0.2112576384174818,0.1481324561253479,1,train
GSM2278657,-0.0859266211706065,0.1384045700006097,-0.372315740560373,0.3800434155392117,0.1216248772287259,-0.0774139376296679,0.5515741047407032,1.9412766518803604,-1.3716037184284633,-0.3819481969755396,0.2197866795031984,-0.1133562154586024,-0.3043054400448353,-0.2925768241742468,0.4274416354441234,-0.2113130329380316,-0.7668335515685031,0.1005604619592821,0.7998592821665458,0.6785438477188941,0.3640957192805772,-0.0699968005039171,1.3668510507306475,0.0081700737912042,-1.4350300163012015,-0.0926985877076252,0.279762305146992,-0.1864631310739038,1.0660402983518116,0.4291531773352295,1.002907415620565,-1.3090676391959393,-0.4302040550018848,-0.1434913768409202,0.1115609209137139,-0.3631846748902276,-0.1313675625359959,0.3934348619679904,0.4025178177545765,-0.2014670295635462,0.3835939525835624,-0.6261207166945416,1.1735578788767147,0.3633466547903842,0.7256673751964329,0.4794103715809467,-0.4312411908970626,1,train
GSM2278658,-0.5338641471648844,0.437467562746979,-0.6320003542010353,0.0169169492128561,-0.8839300601880867,-0.2823439427131612,1.500766265979709,-0.2415029351158734,-0.1857509139328781,-1.5088843565806611,-0.2629657297773253,-0.7991434292608994,-0.8838717151137508,-1.0054166314290944,-0.0575092703573577,-1.0950065177126056,0.0774434117856238,-0.1448010442318589,0.5403256095946605,0.2311692218794264,-0.0630635403546786,-0.643059228835741,1.6302265010110926,0.1446026937221904,-1.295468706040553,0.7385524994746829,0.7324240071533995,-0.4987481911216377,-0.1948955740813096,0.6031599025049662,0.1122397275194358,-0.1078714390350239,-0.8303395520115913,-0.7656774007009394,-0.8826625567110852,-0.3994167572721747,0.2916931754622197,-0.9759145697694134,0.6187963399214911,-0.1075757230119603,-0.3321029438377672,-0.5717243295085671,-0.7480333112146039,0.785035647820779,-0.7894584024154973,-0.559454603625065,1.0727020844338049,1,train
GSM2278660,-0.1242085120727861,-0.3094365088276574,-0.0868630379453864,-1.1343708775976968,-1.2593457770073526,0.3717049853050167,0.6475829239299447,0.9972967548461736,-1.5367750085472418,-0.4947872782133558,0.0398374008043616,-0.4635358720264526,-0.3366909832663285,0.1604450934083444,-0.8316537659952391,-0.3646853830104454,-0.3029244821448745,-0.5143088236185481,0.0444508521444479,0.46877187114734,0.2316254822705617,0.4761145678391427,1.4550075546478096,0.7427146802949617,-0.0719328168608654,1.1484918704899278,-0.5309045870325819,-0.2419049804227656,0.1104563581501335,0.3375847716230581,-0.1379150880586254,-0.3771023081322752,-0.4843952730605402,-0.4630851993440805,-0.4443178651320574,-0.067682487337216,0.1685477655421508,-0.192762844620231,-0.5504155015860852,-0.269324274530203,-0.4547864343222587,-1.0467823714341629,-0.176451291910839,0.1357209305068543,-1.0125754572017578,-1.1629987662240069,-0.05367123199403,1,train
GSM2278661,-0.4927513528589962,0.4358643039707571,-0.1940434191072697,-0.308865820765127,-1.2042501835234196,-0.8807619864072056,0.6266557612295722,0.3131850448977018,-0.7918573958659512,-0.3129089609359327,0.0670550354169486,-0.6238163953464797,-0.6423856057804923,-0.4647690223807936,-0.890366221927409,-0.8912016391118087,0.834283399254193,-0.3843046447165251,-1.163711050091022,0.2913948361397636,-0.4027707111777966,0.6956894947197815,-1.4886534356011678,-0.0649412608861922,0.3899313170888846,2.0611346917619597,-0.6596700216624541,-0.4202743398345904,0.9319180379401256,-1.5086733132947618,1.485323206901558,-0.5983747933554036,-0.6487452197581781,-0.8215563995307651,0.3428412037422501,0.0419581209239616,-0.0512754305913679,-0.7760956803381487,0.2474820432356249,0.0121016789373911,-1.051601545744891,-0.5656405448102347,-0.8453611428011575,0.6269859056954405,-0.2539754861579998,-0.3872243582805752,0.2044765080266425,1,train
GSM2278662,-0.4438154982512725,-0.8648173425675233,-0.4899977500342626,0.1320850718126124,-1.0551582624111218,-1.3405715079760083,1.759819687473695,0.8980961684675539,0.4305827389582661,-0.6902956487810856,1.0126431076492324,-0.1390279940235995,-0.4268072467265545,-0.5034389190800456,0.3083834261819942,-0.3845637070246905,-0.7598701900973748,0.273546497551754,0.4301187314066402,2.6875792785812624,0.0487260241469236,-0.4362603135538933,-0.5182039790365036,-0.5993302011793337,-0.9621134703592068,0.398447231229329,0.36507925778289,-0.3833404382280234,0.475035686871313,0.885818873035257,0.0485173715026791,-1.086179378817964,-0.9223703136311154,-0.8084007568458866,-0.4748668305298692,0.0257714929280471,0.266035839581572,-0.6537646109188021,-1.5898028466056735,-0.0795662465192353,0.0236499331813384,-0.5088552784834243,-0.1102247932950054,0.7110856515681206,-0.1868691109676543,0.2679380244341137,-1.5832526245530791,1,train
GSM2278663,-0.2292710942446059,-0.9268483102304232,-0.7938616333998649,-1.625889009385474,-0.5302505766217434,-0.1306022687136542,0.5970636873001635,2.212052557397143,0.3466276526879485,-0.2378421056490652,0.0247562973544375,-1.0765781187819907,-0.177198647057222,-0.0483009363982234,0.1827793623984893,-0.2212692510749469,-1.0827825818223982,-0.232129803811437,-1.1661971902817243,-0.2973283773882662,-0.6567636846971673,0.2864782452242416,1.1878345538725232,-0.4942536603925546,1.182694199482332,1.1116163548924185,-0.5427708508374444,-0.573402575988004,0.3689999594217883,-1.8449796131312723,0.9615540178410084,0.0261403508847126,0.1439131494124462,-0.274882198202284,-0.056677699665166,0.6666744826991352,0.3734486481008028,-0.0568231645403073,-0.5319598538963825,1.1320984857592116,-0.6239258789359791,-1.496375720859605,-0.6833894750580519,-0.2685749550801657,-0.3836387524438575,-0.2749689290181622,-0.9971359317419,1,train
GSM2278664,-0.6779581758603971,-0.2774006336062662,-0.6913882805648406,0.1792230085561288,-0.931205481558274,0.7603670301719792,0.4034985325370122,1.1598897436714797,-0.5430203045864671,-0.7851144927211489,0.3396411090329957,-0.7541925904440577,-0.520559392971731,-0.7597972136734897,-0.2120068283961792,-1.0908412046426568,-0.9478555057705303,0.0844854471595842,-1.566087930417806,-0.1192591847621465,-0.9164498895265925,0.4567547436949684,0.4214999581833565,-1.2718196001179218,-0.1262496615312698,-0.0380895704432231,-1.028751371489808,-0.2671314969445761,1.3091532190999229,-0.8489421179998505,0.3960881458421428,-0.6896464878135047,-0.5604836173571873,-0.8841726057054621,-0.934388210328856,0.8734785196289334,-0.0100931409008065,-0.0189707626357002,-0.4719617593837741,-0.4581909797917635,-0.9497060854641324,-0.3589914317704052,-0.1644739070761409,1.5596112681688816,-1.1024519439422171,-0.4164864334315037,-0.7941832831185579,1,train
GSM2278666,-0.2725761441284851,-0.2636045530259221,-0.7287761151156534,0.2609141739310132,-1.1712678080101406,-0.1908591108961961,-1.1841803389723613,-0.0219908610629925,-1.166391921032186,0.3514196150645647,0.2735117702802246,-0.4396551989351994,0.3458653359042628,-0.6511602076244521,0.0059897401846022,-0.425190970023981,-0.4101820341105022,-0.3177875188965907,-0.5618656516431862,0.5548329962489607,-0.1197069484009336,0.7519276777200681,0.7685735269999334,0.4612317147535371,-0.3664625160017937,-0.7704529138474057,-0.9826209840359076,-0.0150930265645772,-0.9661345023764316,0.6870013553291128,-1.4978588914318565,-0.3429989578419645,-0.2254549243141188,-2.0006466565277976,-0.7755198494261784,-0.2497709631474045,-0.3436552896580215,-0.2323153699826504,0.776279269615395,0.4032094356067596,-0.2222386507673959,-0.9563509323049266,-0.7159451914635427,-1.011446727562172,0.2334101526280165,0.125888272314688,0.0832373442734485,1,train
GSM2278667,-0.5280564761564621,1.0441166783301103,-0.6234100908603128,-0.6230689467801037,0.4472209954635746,-1.7170560103284302,0.1435892556762898,-0.0984540680538156,0.3270565447934399,-1.155686792558228,0.0901171724041721,-0.0838201367952545,-1.2105229639137602,-0.9078782989315188,0.4200703913072738,-0.0357859234191248,-1.0034543495915118,-0.2289031164793415,-1.1325460798136011,-0.5783648256023083,-1.944651541719832,-0.3470209503941311,1.7336995800367792,0.4945502146641592,-0.9620986598062424,-0.6626224031961542,0.3410320760447358,0.2704622895163101,-0.0662121608915201,-1.400274096868715,0.226320270095115,-1.526058685932499,-0.0451590433267227,-0.3979659931235692,-1.1557680068811949,-0.6183960398009823,0.2740075280922111,-0.4872751418323379,0.1696253514858546,0.5246446328138183,-0.985540211795316,-0.2465835352743086,-0.4226609065771389,-0.2632431747007447,-0.6954208393335779,0.1383307855515601,0.096727829456484,1,train
GSM2278668,-0.5196882408939049,-0.0023539348161362,-0.8092133450278093,-1.4595594876618665,0.95549612632748,0.6601435776830069,-0.6822311002324216,-0.0358299165684121,-0.5494592007469515,0.0347706672438584,0.3754172903626854,0.1469426443180047,-1.0036222502550538,-0.5434518990722912,1.2437742713053488,-0.485025001010542,0.1857457547206862,-0.2799006468948947,0.1400526023945499,0.3586054928229588,-0.096044271915869,0.121273649954769,-0.5875644647264451,-1.0656734451454066,-0.5869821431271924,1.913585335785566,0.8378682968285346,-0.7767382222126974,-0.2180746446024034,-1.4305221830302983,0.2769354152724579,1.3688726708875485,-0.2659081066521637,-0.6772584825002043,-0.714251600072669,0.225969974215911,0.0504137937053893,-0.2633938702402035,1.8016089343373076,1.4426975747896915,-0.1836620822818054,-0.53644646679206,0.4245588338597004,-0.3686640112984961,-0.3615521191794003,-0.591997963529688,-1.2313852134812122,1,train
GSM2278669,-0.8050300348333965,0.2823075083533549,-0.7176766640215838,0.5717996336268555,-0.6169336608291474,0.1068353815999975,0.2579564745444023,-0.9159693943905592,-0.578678814280519,-0.4362516230797035,-0.8998727038250917,-0.733177646555216,1.0014924280055788,-0.3661047933229998,-1.6466244710864173,-1.9853397399977415,-0.2215111192274932,-0.3310111184791998,-0.0067926189257664,-0.03616177286976,0.4315205070512574,2.192362792010825,-0.5094540627167174,-0.1127310022002216,-1.4953833971433537,0.4880758508433046,-1.661466393701231,-0.2819916137692632,-0.1245969609015811,0.4195709412648096,-0.8883078147259226,0.5360911439546747,-0.247057036722468,-0.1605365354579206,0.2477805522459361,-1.6179619933737868,0.3136034247016558,-0.7235356892734937,0.3177838590267447,0.2821156073247737,0.5558988409827992,-0.2927560406747192,0.0368163660557662,0.5221700897788017,-0.1469254718097407,0.7090628561816793,1.780011657642544,1,train
GSM2278670,-0.6267691952287887,-0.5028923116435976,-0.3544591989610096,0.050962770751115,-0.3044399500637942,-1.5927412938332488,-0.6449408921032669,-0.4293415731270928,-0.6271993128236731,-0.5549790515555764,-0.0371782055123455,-0.2692439247159482,-0.4269529257419425,-0.6271520192287041,-0.600540898051214,-0.08316172447653,-0.0158032561582635,0.2674653397329752,1.6115727888096003,0.7140174452323165,0.4642777662928151,0.7427858915836996,0.0395019344738453,0.475241176116549,-0.5339041447868891,-0.3000943633347899,-1.160161016204043,-0.4652662911334836,1.2812059925838946,-1.171506170086413,0.3950895243153722,-0.7874855177291735,-0.3628733292940549,0.8483330642761296,-0.7015854886914717,0.2895431182869712,-0.1108706067726459,-0.661711276814394,0.3847155877084013,0.1099981641006287,-0.7249660134313348,-0.5397891389122538,-0.8318135829535945,-0.1156958224669341,-0.7682075057281355,-0.064650579581792,-0.1793138571081081,1,train
GSM2278672,-0.5424009751432018,0.1640479207798748,-0.7908540988916909,-0.3350649048773105,0.3554969416166922,-0.0942481912693727,1.6174002316853655,0.7338229061133236,-0.2483515387692615,-0.0276623802544231,1.0552149099624732,-0.423527462368258,-0.5076115457439442,-0.6826720338939387,1.0770876065057218,1.500398187690083,-0.9144026857044708,0.0059722555738346,-1.5978663166453635,0.6311339112855558,-2.3709373000636638,0.1003709465646634,0.7333882259415526,-0.5911371806568696,0.8407723277240758,-0.6396610904376415,-1.5905797649956417,-0.7798429726320691,-0.6750569823184717,-0.5778550933906054,0.6682079683850328,-1.0947807762228503,-0.4990169257371631,-1.0103300096403645,-1.0795315342509362,0.0202497699285791,-0.3520305571103047,0.1285897384821189,-0.2945267463719137,1.6161281464052908,-0.2702504360655591,0.18848402456375,-1.0325120424412326,-0.1899443925222281,-0.1783075092861306,-0.139407930902998,-0.9027390912850464,1,train
GSM2278673,-0.4220164553434959,-0.0161488076940483,-0.827679297407218,0.1218863766598746,0.7108512550920525,-0.1668723865364042,1.1605472832656694,0.1160638073450231,-0.754313266544347,-0.5367577078194654,0.8661450488805155,0.0831791038952594,-0.3390459810543653,0.3665043730745885,1.2870404158593367,-0.0245947891773524,-0.0484216132596594,-0.6104575419145577,-0.3427766776262743,-1.4778472165456895,-0.1583750982907369,-0.6900053161571795,0.619316652298398,0.0140626697682404,-0.2233005637523072,0.413898983076527,0.0481327391709263,-0.3098042526891296,1.69571618357053,-0.9245362596479428,2.3698175879178285,-0.4142994178243857,-0.5599423561542637,-0.75335894953772,0.9170476027106969,-0.1534608502121864,0.6302134729241256,0.1777045465293588,-0.0490748885963072,0.3903537396502963,-0.1896094545930373,0.0696069596187052,-0.8893569109722604,0.5271157631183813,-0.7530197005890549,-0.4228350370543134,-0.942314033148912,1,train
GSM2278674,-0.3755009116994128,-0.6794321757357811,0.0908554418739754,0.6848097543406177,-0.7752378479462884,-0.7457173906032051,2.2397954396611723,1.0305144974145002,1.1214250785556037,0.4084798843936124,2.032463179650876,0.5993257710343024,0.1185372380637012,-0.7145921951604549,-1.448227769321153,-0.6969688174738682,0.187462684798934,0.286591380696562,-0.8570198979724719,0.7705272718254957,-0.5993367797504741,0.032570392997356,0.2874808310352563,-0.5110180292180235,-0.4452532331728852,0.0743981766956112,0.920249624068182,-0.2061833713002486,0.4371051210872671,-0.3859610756686097,0.3471753394999002,-1.518162686861439,-0.5535778302534592,0.1297148844070163,-0.0106168922770358,-0.4777711927903704,0.5473967411816076,-0.7756238055923002,-0.5408040318269602,0.565546065851946,-0.7978626104280062,0.0434958446355663,-0.0216808719830356,-0.4814350643425916,1.8758436284512352,-0.5427011088880397,-0.9051287506824444,1,train
GSM2278675,-0.4206359809615567,0.023006157919755,-0.5881707136390042,-0.7905304276674853,-0.5831612072631546,-0.920718443985514,0.656602345955816,0.1002720990300074,-0.5756368530527542,0.0004640583082135,0.3481742962683741,-0.2978306614893829,-0.8915244602392742,-0.2892452352866865,0.2045863057034261,-1.0204863726579252,-0.1542773954624672,-0.418489908909837,-1.0329341639349052,-0.507515008229562,0.2293152421180151,0.4196001562511043,0.5719673544379015,-0.3210989879962436,-0.3665965310153463,0.7880868600637441,-1.0265151767077565,-0.5230893416652969,0.085108453167847,0.3240250310657636,0.6245436667477386,-1.145899931051723,-0.3045942825517325,-0.1988318829571496,-1.3259780116022433,-0.6911585676253069,0.5803349015134225,-0.1292838680435598,0.2759042211244031,-0.3109436429121576,-0.3835603373548412,-0.9570206385668342,0.4342510281756109,-0.748856708586515,0.2073996328297534,0.008481762367289,-0.543103471863575,1,train
GSM2278676,-0.5179233087987791,-0.3230019024712421,-0.5811504983414523,-0.6505498918410302,0.4931184841072173,-0.8374301065095445,1.6793214762051891,0.4261873817558512,-0.1976141690080257,-0.329823466151509,1.348077821638093,0.5924383459116281,-0.9185463859843948,-0.2578171583973065,-1.1792769835040802,-0.8438531910392109,-0.1047509536779434,0.0529632922951716,-0.7541745423333721,0.9760543685030074,-0.1392187010149412,-0.3115628700128136,1.5076264905108774,-0.9089921254006424,-0.9339686836349432,0.7028299530531094,-0.0326157870986859,-0.2982066974406729,1.1711306143974107,1.1045855867181755,0.4767006962290265,0.0158671726096682,-0.0138627456625459,-0.882436273106008,0.0616067428560702,0.0589102919692264,0.430533918272484,-0.0873033071567854,-0.3875394306694734,0.6849356121604794,-0.4765053865038487,0.2454753574524903,0.7104974609563127,0.8160702181496426,-0.2317395155034161,-0.0336532997009771,-1.42664655351767,1,train
GSM2278677,-0.4795510569954678,-0.1289136804184883,-0.5803905921224322,-0.2557545729767779,0.6999562804761799,-0.4590961554939556,0.8641188093623431,0.7188372516533098,0.6292832016269161,-0.3257430815901733,0.089660992201245,0.1778053141281348,-0.8480053249705516,-0.9257501720261688,-0.8129172600887228,1.3082671642418864,-0.6134673802999014,-0.2010013789304055,1.1474203032944827,1.0061305117845032,-2.2610504453836264,0.0609586834278968,0.54495717089073,-0.2525069507092705,-0.2651256642430354,0.2820535001647128,-0.8452124990079631,-0.7694583843421369,1.4576634522214182,0.3358154069594022,0.914147681248634,0.5089352663953142,-0.2023607258003794,1.7038893856438704,-0.8443843086883669,0.6624447242501896,1.358214070804891,-1.053473205504782,0.0077397733467189,0.8807776719232324,-0.6997575680185034,-0.5297952206411926,-1.95447551287624,-0.6479909854155966,0.2461599571696603,-0.3739242426979451,-0.3174363914746426,1,train
GSM2278678,-0.2599147127543439,0.2200317060604657,-0.4650488943551922,-0.7936101528025441,-0.1039746727021184,-0.1164820898830131,2.1318189517518054,-0.0106834657939186,-0.5813570188093357,-0.4672626832984605,-0.5547536612525269,-0.52190877197156,-0.5474467480970963,-0.8476957908275401,-0.458559957836677,0.1740526506812749,0.6256983914792468,-0.3184363680994207,-0.5135901896493176,-0.1219157352072587,-0.8903451441396957,0.1382847685305342,-0.243137791881788,-1.0230890589194062,0.0321938487406735,0.0240805826570418,0.7208088104738565,0.0193650887328405,-1.381752497560948,0.6168710314331409,-0.5446697342640726,0.7844323066389306,-0.6529333368497178,-1.1521265984949691,0.2329891721184944,0.1165018958331371,0.9097690308561844,-0.4310838041900188,-0.3267717686525786,-0.1719160244328869,0.4857920612686794,-0.097455150248458,1.042378904043871,0.566439680616297,-0.2635502745803543,-0.9593075398339268,-0.6251688045019022,1,train
GSM2278679,-0.7060733226490189,-0.9624557581024658,-0.2660276398133394,0.037713825666509,1.0834958464088125,-0.2326304246437708,0.7671826146599898,0.4826026504542555,-1.031710488123024,-0.5505231842913679,-0.5048675203671906,-0.3415924307157938,-0.1163896273748441,-0.7844154726736042,-0.2087457541794861,-0.4872488907238083,-1.0642219329806226,-0.5242594046274897,-1.34696041556586,0.8492091871504946,-0.8995684684626719,-0.21335239902386,-0.9034963749833932,-0.6316886460758866,-0.9703133983829264,-0.597471160940092,-0.3453182872668091,-0.3180166126190445,-1.0707120260347955,-0.7150152251882658,-1.253341222661358,-0.9379853810152444,-0.3408516927487653,-0.4129561848449631,-0.3008747873824953,0.4456003405784355,0.2883071131691089,-0.6138988280430129,-0.6885789406178384,0.9986930355866316,0.385716484463496,-0.6613772705493002,0.9365485596727022,-0.4204663946327578,-0.6014907708289902,-0.0893192083424233,-0.7977033661113281,1,train
GSM2278681,-0.2485475590508944,-0.5583458547207514,-0.1545671341354512,-0.7952715354250256,-1.5905531844447751,-1.0515135250177732,-0.980038823956202,-0.0373313293275276,-0.8103024313669254,-0.2358001164930652,0.9657033706141108,-0.2288728113191922,-0.103173741586497,-0.2387359989512567,0.2854296160028552,0.3109570093865517,-0.6694302444005344,-0.4499635736438307,-0.4631674766796845,1.886315464828868,0.1658674747320163,0.0455008895678999,0.200994104597543,0.2007917687369602,-0.2980861969113169,-0.0933133631854813,0.555434509526491,-0.3482739374333294,1.320227954264671,0.2438084444493999,1.1849765606053564,-0.5841993373400673,-0.0689755784391107,-0.7688661363513899,-0.534677748925685,1.3944566752864622,0.6668330446695667,-0.8132363094131342,-0.8904946611419734,0.1309597150329805,0.3844153607704769,-0.2514457330549848,-0.0212974761784542,-0.6616682592302525,-0.4335083264525047,-0.1023009820584005,-0.0535379946823164,1,train
GSM2278682,-0.5634733041721041,0.1311246591584027,-0.2353087460888394,-0.6775680122383722,0.848332199129071,-0.6117695277109528,0.7749379342712585,0.5788952282554508,-0.8220649947838131,1.259289384086178,0.1403328473692952,-0.1771269578906897,0.4615841145776755,-0.1743952841682788,-0.1846908989202974,-0.5968501643732003,0.7171667992908162,-0.6148679217683977,-1.1035239461974635,0.1291368404300748,-0.4966375403325579,0.0290851608023954,0.6407064159821126,-1.1459345236539236,-0.2794221014541426,0.1350862347463463,-0.316427034205445,-0.3020954776192685,-0.7937435743775464,-1.1334265425897614,-2.3352555726817164,-0.3962604873999854,-0.0652180445707345,-1.286254909870481,1.162140777368027,-0.7624617672757004,0.3817028005461663,0.2872043156002012,1.0379291062666447,0.5098697568823448,0.3395154649414871,-0.1049873555374024,0.6148350833704931,0.0949610998751964,-0.3830377553627581,0.6519615507410206,-0.3919409205425053,1,train
GSM2278683,-0.321994961103933,-0.1165290209412893,0.2129291517627904,0.4225204625701404,-3.589113745427657,-1.1675748641220456,0.1091230603695204,0.0387564724661974,0.6677602598940567,-1.0736099751603383,-0.0155757899048593,0.1105113869956906,-0.2477337010583381,-0.8678542911308683,-1.7573919951747814,0.3729168288933812,-0.5543601216431218,-0.2395294900166818,-0.1493427763382721,-0.2032457856526183,-0.5574846516052351,-0.5018587666086971,3.1377003026004315,-0.4087489570756172,-0.2723333942331095,-0.1756678109135409,-0.4339380364387191,0.0215938475757454,-0.2356477112094009,-1.0824059502772962,-0.0943565602318294,-1.01776454175371,-0.2431448950540769,-0.8353942899167517,0.0556240465905089,1.1400587888233786,0.3493784743947665,-1.138374808320794,-0.7762328369634676,-1.0251631789131848,-0.4113156263396206,-0.5810606969776658,-1.1609762281599316,0.630911621233888,-0.5675887275493385,-0.6468715489098258,1.3969267531862413,1,train
GSM2278684,-0.0326364252294526,-0.785373124147289,-0.3254014153829236,0.0224003084557289,-1.4992390196921552,-0.1439010280891934,0.9381852917640112,0.691069905431103,0.7313810772438076,0.0389663409136676,0.2546705064196937,0.0656035319059534,-0.5206872937771522,-0.1359843810800991,-0.6209992643519802,-0.3819556697238448,-0.1416087438040175,-0.8131555089844433,-0.3856767665185339,0.242468890662528,-0.258129450229032,0.4438843484780393,0.4519239777274701,-1.3307444442412784,-0.2210165488998,0.0611079657549736,0.9941779161537546,-0.1851526795424455,3.2304374046007824,0.3519634778657851,2.7723314049166112,-0.1235015537111034,-0.5347367110814325,-1.1796184606722304,0.0733044356322678,2.6054455896738715,0.5910616704128946,-0.1926566342306543,-0.8915038958188493,1.1705764980936464,-0.0246503615976207,0.2639867725980843,0.9102427576920908,2.212549345581189,0.1307577120670774,0.9697897711740032,-0.6186907820234311,1,train
GSM2278686,-0.2704194449913775,-0.7816734111141482,-0.5655881106946021,0.036993296742496,-2.0027581247857387,1.0491745481363683,-1.323254235781478,1.4011495457307697,-0.9668054410880274,-0.8518099476851015,-0.0810488017910679,0.2586428875498882,-0.4699360157358662,-0.3374515733257159,0.6549909276659801,-0.526194262741456,-1.0513836172042956,0.0904484496511698,-0.6459590338707616,0.3736416772117393,-0.2161140849805084,0.2814113391389134,0.1780704775677518,1.3823513514697503,-0.6661680575863438,-0.4265224173607675,-0.6140138905258928,-0.4253418189074498,1.8349429747521584,-1.3136049369185785,1.46959367162004,-1.6421960525246215,-0.4445543720703811,-0.1893397331702932,-1.3532634253628155,-0.5121034377614013,0.2553125507345077,-1.1698856472689776,-0.2549085445292197,-0.9425534048383256,-0.2142075130224269,0.1753883982225723,-0.4467707245208971,1.1782648244892957,-1.1182034686101665,-0.1215304235017753,-0.1016244073812856,1,train
GSM2278687,-0.6043215606348662,0.081071866724086,-0.3832190354815573,0.014071762818802,-0.5670238511906759,0.8129394422333609,0.5066732002698888,1.9584387320388248,-0.6013605475649176,-0.6701703087345587,0.0864717953174724,-0.770259327808863,-0.2044076759227164,0.3086000188209198,-1.388864091606769,1.2098238330588365,0.0896110620759403,0.0857543253109691,-0.4829430867333407,-0.0145382264291177,0.0419078902736064,-0.2589699195291848,0.5738330148231776,0.1043123386156264,-0.8885267248481684,1.6883324574236067,-0.5001824188176591,-0.5367752634982061,0.8831929818178456,-1.1161337580566255,0.0106011255717665,-0.4016377967548555,-0.5388544001045443,-0.4688701078957484,1.5381894672894554,0.157284456322107,0.1959099081177641,-0.5242466641858912,-0.2642541945313814,-0.4571010608737946,0.6961979335979634,-0.2381240862420414,0.4275061999511815,-0.2508906842738467,-0.5405571760462902,0.978334976458882,0.6244121451070744,1,train
GSM2278688,-0.7129882657388128,0.7807953596671351,-0.6661234788406369,-0.6524671566635472,-0.7536342201877159,-0.6481325680858679,0.4801744717936231,1.0813482856090804,1.4115890771863857,0.1529327224060222,0.8700822213782481,-0.6679771163347982,0.0247507097317696,-0.2981344402049878,-1.5782576789762877,-1.380015679501696,-0.2143784557141951,-0.5364645683870563,-0.5196123608760149,-2.0977963486483118,-0.4391319375089622,1.3875775603065212,-0.8524613323764394,0.9482921254685082,-0.1711124044833721,0.8418693299024269,-0.3266499998827373,-0.9996290195305556,-0.4894997745713567,-0.0482957060438626,-0.1506409960678482,-0.8631603874458426,0.2981242194313809,0.658901258153046,-0.5820724255233884,0.5443420964398018,1.1977660748077927,0.2726954643945462,-0.0046714496596937,-0.6892176701034093,-0.6321195960503384,-0.3492662345100029,-0.9221484247617446,0.7921326391334841,-1.1283889111182004,0.1076776294232373,0.1364943224868726,1,train
GSM2278689,-0.3677916807613028,-0.6669593156770453,-0.064065032148351,-0.3584095785628051,-0.4385150836186829,-1.048995362830198,-0.5016790094213518,-0.1301211089481806,-0.5891771337614808,-0.1810001273862922,0.1224213982254187,-0.6623209341227159,-0.4997915755749472,-0.1188074490412709,0.3877527406805863,-1.106637626396332,-0.6192402950881731,-0.1426901054441074,-0.0772062821176419,1.0085448709568317,-0.0853893186791719,1.2234227987960309,0.1748132139599995,0.4710981219470074,-1.1129928566114804,-0.4465968669768533,0.8119293870366617,-1.132453987026559,0.4207052250063193,-2.085394795612426,0.0380336232331595,0.2246512592596658,-0.4445788585489668,0.7183860370194199,-0.5080221074341041,-0.0629273614672238,0.4587131442464394,-1.1441294471181989,0.0971563711728978,-0.770802464480273,-0.8340432275887621,-0.3244852521253524,-1.1803547330053006,0.9635293659107708,-0.5159577148230887,-1.3345928056945018,-0.5503488026594415,1,train
GSM2278690,-0.1909698392103885,-0.1790328491698682,0.0594091264868165,-0.4872859902778397,-1.7682908798248616,-0.2167623086513268,0.0190652518743133,0.8135766629841884,-0.4738136023844302,-0.8322437438487379,0.2275919616657531,-0.4169643656425658,0.1010343654400415,-0.4538381847819218,-0.3294566558301693,-1.2097351971857917,0.1577310534834548,-0.5784380724857977,0.6096721634035733,2.0159731404842085,0.2951662906612315,0.1545874710463,0.0775270562886594,0.2808232824928177,-0.7997755410329727,0.6240275211009482,-1.3637130203499723,0.041726301208441,0.6198496380347076,-0.3729524255388918,1.003538635091317,1.4311432350490751,-0.1370474726512749,-0.7440652337047414,-0.560308406054179,1.0572397148759942,0.1994510977166773,-0.2526489854776469,0.1644239113792675,1.6102828559173878,1.2262919331691255,-0.701623064454456,-0.4863698157628128,-0.5329714029782254,-0.7909205154606382,-0.2491787944783037,0.0614117239669989,1,train
GSM2278691,-0.1484296747055872,-0.9613599754375678,-0.3780795824203314,0.331633052755238,-0.4869869704905097,-1.3487798150808623,-0.970647967292436,1.379001904808184,-0.5593589959592946,-0.1674292236041678,0.2438184636669596,-0.2482150720571144,-0.9832141370795652,-0.4286633480736316,-0.2155509213226782,-0.4288073178936822,1.624315322381206,-0.2838334956862602,-0.3188071311484352,0.2292109000923352,0.0702190524863426,-0.0082409581628447,0.3091735925945725,-0.9475809581036008,-1.6356615875606335,-0.1014618286755507,0.3356785004839554,0.2420083047218844,0.7261857487472879,-0.8608286663153498,-0.2304719830092196,1.0649616278375778,-0.5439380886129145,1.149240332811137,-1.1866482901404891,-0.6227166811015395,0.3873260333729098,-0.0160324511320918,-0.3311116119847848,0.3743422532445595,-0.5584094715117558,-0.3039380424344751,0.9256513290604867,0.8398279804095407,-0.4959981413933331,0.1982287788692992,-0.4459052109086029,1,train
GSM2278692,-0.4383476226853158,-0.1478171638753649,-0.3401419338134641,-0.920606316664469,-0.4422580484429271,-0.7459420208962815,-0.5118749201174237,-0.2073396912903165,-0.5038185478752335,-0.5344606681759576,0.6558690493929815,-1.2093523723486028,0.0657963968034618,-0.3005620922170405,-0.6479204279162898,-0.2801881238095929,-0.1870657053295037,-0.2945682611548433,-0.0176892654935253,0.9926263849027614,-0.6663317312768766,-0.4583328721268289,-0.6189295738173123,0.115630363281831,-0.265024355054151,0.6845732503721828,-0.7202432909663891,-0.1483552455463942,0.6198984549546183,0.1722684090395836,0.2736440338666869,-0.0571120925322785,-0.2277477511802833,-1.2900151560504758,-0.9936623463577388,0.7262777085401724,0.3779911400349106,-1.2598547715285413,-0.267174513393643,0.7728354510687948,-0.4045565840960589,-0.5437620316031703,-0.433712715186941,1.4577355359393047,1.603283334051114,-0.379338871549273,-0.2142587134328591,1,train
GSM2278693,-0.6800182952170222,0.3702813347454993,-0.8113559843642424,0.4526974077957291,-1.9304577077208196,-0.8453356212010477,-1.1558289328416298,1.116712717375896,-0.8001046462441401,-0.7272964162559918,0.1959215272250848,0.1307020859190903,-0.2816490680049227,-0.0881980466364537,0.1562432369514944,0.1381625150182073,0.1713343972449736,0.129778535338956,-0.0897773735529365,0.50806582600368,-1.2243789733490715,0.3016998957998072,0.8101724314029118,-1.1329600869209486,-0.8075037903934412,1.0401982118502937,-0.6300574201717529,-0.7721856163220847,0.7937439425005488,-0.1245237859263733,0.5373236180390762,-0.6318884763468089,-0.4344114863720918,-0.5623117319765116,0.2231044294809755,-0.2063642102213054,-0.3945106270256351,0.0382351909740866,-0.4903518801893879,0.1882591615680851,0.6613824019273121,-0.6888308783289396,0.2485772130977584,0.5301107765864068,-0.6481194605907546,-0.5508653252008433,-0.2234238095014064,1,train
GSM2278694,-0.8236550541781015,-0.5719993475529439,-0.7940809312914557,-0.293302107888687,0.6831054692064511,-0.9038268954429182,1.234392145926528,0.8752189221128587,-0.9059037254036998,0.4589908567862339,0.2826464887791537,-0.088626099212942,0.4855200121745747,-0.1297611920812924,-1.3374815929551978,-1.023624517122049,-0.7690388913891356,-0.8452966154571699,0.4113891709313186,0.2781925285978959,0.0485558923764945,1.3107635081549598,0.6939392500929522,-0.1650609260962477,-1.1283039522963385,-0.9203550240259424,-1.660080185264479,-0.3735088031556252,0.0378917153283979,0.2021680581108642,0.7737182677693895,-0.0127378795515788,-0.3911116145758307,-0.2864126026412538,-0.7344357331530305,0.3642039497409514,0.5894859145452868,-0.4578322263557554,-0.8540915548114124,1.249582575685933,-0.1986773656145517,-0.8669982591900589,-1.4210696155638347,-0.8223967679071393,-0.3552290511871879,-0.929582348958424,-0.385123750452375,1,train
GSM2278696,-0.5603324809002191,-0.3618317257496772,0.4347220803129316,-0.4548695859306891,-1.3840926248313568,-1.069989042742897,-0.0976101574174773,-0.4265472408639958,-0.6058879949947262,0.5591689447020443,0.9079718125353664,-0.6672679990020465,-0.3010426906776248,-0.1032484220404047,-2.9410395667123934,0.1202429201420447,0.1098312406026924,-0.2119918107052804,-0.3975880917016342,0.0638405734914093,-0.3471982916178345,-0.0399315954097362,-0.3015911436922759,-0.575619625393632,-1.1370528821960078,-0.1709916295615937,0.6944693586448956,0.0582398231709806,0.3447061183068644,1.7287596192327317,0.1765236189575281,-0.5187406280316509,0.3645605272229861,-1.3745400978477618,-1.4872977884296217,1.1664641129718436,-0.1861805785011395,-0.2427102708249039,-0.0985223235004546,-0.2879095862353428,-0.2688228002371758,-0.3841912116179548,1.597468677529633,0.0525639049176897,-0.0069663168857738,1.1858149942054843,-0.4851249170514566,1,train
GSM2278697,-0.5298720917937554,0.1409730466416714,-0.4926064103871199,-0.5269023527391498,-0.1920591039488375,-1.5731749337985033,-1.1420489225655968,-0.0555855561922728,-0.7328263712553851,0.1444700706696725,0.7469902905175783,-0.6634362438175276,0.2130661221045261,0.5789157923184064,0.2348257823897671,-0.8926472713620192,-0.8307631041114538,-0.5377970559047115,-0.8333901304736847,1.1350617682397368,-0.8179932422179421,0.5238002322581259,-0.4638994348856288,-0.4922520615501398,0.4505525839507672,0.3836294374494833,0.9046510737457832,-0.5989707162112461,0.9560833151534308,0.2688887590550834,-0.0017351913945345,0.1149833805285802,-0.0413986378064894,0.1024527096066761,-0.3218736303827953,0.5734418923976494,0.122201183305942,-0.5487855314331206,-0.9810280556793866,0.6966657396559839,-1.1724356926071278,-0.7196645551316113,0.5183542217784924,-0.1443318185214495,0.005389160569773,1.0910324781230356,-0.498106452153521,1,train
GSM2278698,-0.6744918375623773,-0.1196164716517157,-0.6123742195074833,-0.6607002324964466,-0.0897059619361196,0.5780985896217803,-0.034765274223501,-0.4120139671093872,-1.037645061640775,0.4082030692300245,-1.215472307150552,0.1281759735050023,-0.6911846345417216,0.0820479182041933,0.0901680143843354,-0.7500308193750072,0.3646941216148214,-0.7881350183161324,-0.0370129111158131,-0.970564560024194,-0.0541410812983906,0.5666871284232314,0.4255928060234222,-0.4630839571856449,-1.1486079916364935,0.5308761419030392,0.486950903669551,0.3394316972656509,-0.6564477172294028,-0.6646947119697765,-0.1654682332687967,0.1136234827166849,0.2817767378679612,-0.554440801062468,-1.1019420850591082,9.434879116284246e-05,0.2866293337970315,-0.4792281934178371,0.759883045582003,-0.9163783973995728,0.009623127304035,-1.4616366919231685,-0.2473668898162557,1.5203190040708376,-0.5418423131234023,-0.0173182771202694,0.0571475326671705,1,train
GSM2278699,-0.6829905084644253,0.4145465354782931,-0.4918007714519502,-1.041382082454695,-0.3216459935077933,-1.627815780379002,0.3182802494749063,1.5018725347890856,1.4843555822224832,0.2801124710574491,-0.2330280386071886,-1.050838140613468,0.3652369049981032,-0.4327791966705514,0.4223784026281045,0.0722341316833291,-0.745040850401941,-0.4949348835790387,-1.1116159108599737,-0.1451470748039043,-0.8500540253722592,0.429734547740406,1.4572219863433482,-1.1032997586285769,-1.900858264164614,0.2813569700996385,0.0629610928338322,-0.5381583678329726,0.9347561464222408,-1.1362935320819545,-0.2618683003905956,0.2633267262069376,0.0019304619204926,-0.7904455889211526,-0.6216322792196447,1.1814285445290695,1.0089657934082343,-0.2021099131183507,0.0281976108583931,1.8636115262129225,0.956448555030447,-0.6639918331492444,1.6469651316037923,-1.1691364065842726,-0.2384862440035977,-0.5924727480282099,-0.1823828967137195,1,train
GSM2278744,-0.4753291981493088,-0.6486860725709063,-0.522462171070679,-0.2169255948383376,1.1338501870499762,-0.7866187195049922,0.0791017377041097,-0.8449373065575552,-0.3160278586238828,-1.0234190148647593,1.3420725787744012,-1.0010878645198489,-0.7324059893743283,-0.6827455803712019,-0.1654002037815245,1.7463546423399885,-0.4195932116307289,-0.651025615444678,-0.4282375680745426,-0.1852674825275737,-0.5349427257828377,0.3761313839688966,-1.6435651833793332,-0.6057946096250412,-0.6532995219003863,1.3667721959645314,-0.4338345472379463,-0.7591834797335097,-1.1155000261606862,-0.042503678558615,-0.3388788625125866,0.1112858209980553,-0.9334206488157246,-1.108170611373661,-0.6723443816121123,-0.2488765175327917,0.5041280865038827,-0.1288345493445485,0.0022845858684334,-0.2972310256450888,-0.6926212210297831,0.0903402963148521,-0.2080564522724367,-0.8831543556684999,-0.8365351503437639,-0.118176532320861,-1.4363028576229335,0,train
GSM2278745,-0.5613588665333002,-1.1359295630741584,-0.2403640978949155,0.1148184520560992,0.641635528964012,-0.920760277955786,-0.4232555259899569,0.8425057937172215,-0.2969820333659466,-0.6404564603697174,0.7272298283571242,-0.5469801419775774,0.3575337755473921,-1.4751511210700703,0.4625466706603647,-0.4640949085823149,-0.6421584105484005,-0.879996165587722,-0.5912457119067439,-1.259660627139027,0.332603079199708,-0.3514813155714638,0.148336138633397,-0.6864723997612202,-0.6059383896018627,0.0265515372035102,-0.9071234087817676,-0.7641681381019935,1.121046591970513,0.218472883845931,0.8583052564792021,-0.8187445237081329,-1.0000708123929851,-0.5444286693507357,-1.3670967333334147,2.077204186269115,1.0427671675296806,-0.7823042313081601,0.4443818190370938,1.6750665969491445,-0.2184206839930265,-0.4615582763158714,-0.8612582111463234,0.0516932650742155,-0.2212407856139262,-0.9933973582137096,-0.0506488716139434,0,train
GSM2278746,-0.4578188150257238,-0.8258193218757753,-0.3259012192009635,-1.5306097452478475,-0.4219264352091356,-0.5849899637559016,-1.1761859418274332,-0.065436047030946,-0.977217073348982,-0.36029419984864,1.0417572089122884,-1.3332608335068672,-1.764391962505205,-0.6404512313806274,-0.47778167560007,-0.4525550059519929,-0.3786383450000847,-0.7776776922658579,-0.0364048447726563,-0.754038011093752,0.064902370206856,0.213406258702723,-1.4070435963349688,-1.0189188195829175,-0.670275831398022,0.0236547673233719,-0.345846147870523,-0.4853694978148893,-2.2742707449055355,-1.7721937232702896,-2.085382255957764,-0.2237506592306881,-1.166643766097769,0.4954573007870159,-0.5726846948223061,0.6834765296232875,0.3743189788750145,-0.599558981741067,1.5808869826571097,0.2359417186244116,-0.8197765780472114,-0.8164855995668987,-0.6842898583935689,1.0975187652903438,-0.5546705754371694,-0.8547347404380833,-1.322755973109777,0,train
GSM2278747,-0.845208122937903,-1.2688689810017093,-0.4450779341647915,-1.5411769609996893,-0.1192337104522751,-0.1001505305361969,-1.877629789516768,-0.4184785885845714,0.1524967376606383,-1.0398499565543702,-0.1519557440489478,-0.7117375413934076,0.2832793436729098,-0.4288702746679543,-0.9551285751151564,-1.2500973694563524,-0.9176460884218828,-0.97755916930097,-0.4528611836030548,1.1814152003381115,0.0786458383103675,3.301782935854812,-2.011780305508553,-0.1966011175620299,-0.931492375623042,-0.1884787261776453,-0.8703309761089577,-0.6014491383742298,-0.3115133987622202,-0.3690111479554447,-0.60736592538047,0.9040305728654512,-0.9372612282745336,-1.3439208920113752,-1.5308183926344678,0.77211347574671,0.2969729469091069,-1.0446152448963095,-0.7257069574565432,-0.5263239924646234,-0.3704085678943623,-0.0265918915883072,0.1079400884284956,0.5775528659556473,0.090097567684926,-0.2418725189325079,-0.3935727335328456,0,train
GSM2278748,-0.4044908716480387,-0.9106035160177632,-0.5730481206165466,-0.7332050771434951,1.1193429897046487,-0.5185376567259541,1.339041514929898,-0.2493778151271356,0.0585066200491207,-1.1374645495657645,0.0444948477449027,-1.0452986184893358,-0.8373521003340652,-0.3783305081130946,0.2235731538192868,-0.8970469701429367,-0.859225353154204,-0.9582996966622214,-0.3351086201799576,1.4691026769355595,-0.0920378841430916,-0.4204747138135052,-0.2048132017996178,0.6974258978795765,-0.1393966060521818,-0.4122422908750077,-0.0601105079480175,-0.7480059713172938,0.856897937723888,-0.6528070029344664,0.664526164193236,0.1116996568386682,-0.4662164562636673,-0.3370839912434929,-0.1841238560625647,-0.3608603853638977,0.4980521656287318,0.4112895985801933,-0.199386546678237,0.04724709761942,-0.7798492637629298,-0.7334165239996028,-0.409800259413448,0.8009929000361715,-0.7993223663972263,-0.6694149853690822,-0.3006728304020272,0,train
GSM2278749,-0.3270445368919116,-1.244524074818785,-0.8025883090770743,-0.3585671555094831,1.0048368548998816,0.9745072337725978,-2.7278550575969454,-0.6217695748768829,0.0386003551326819,-0.1893443876488388,-0.1101409944788207,-0.7807341769324994,-0.852027198587242,-0.0146383415540298,0.7863244735817965,0.6107972375057558,-0.2090200461583422,-0.7478683456637084,-0.2690338350005168,0.2721406433788634,0.7016920282371536,-0.9326159383621558,0.3582814793934576,-0.8577676216508975,-0.8716408450081677,-0.3703953827421813,-0.6849232132858771,-0.5234020548591779,-0.3281187682468601,-1.0538286537053314,-0.0389888456871842,0.1800615225465077,-1.2788082161088914,-0.8822676635724073,-0.6280121233169511,0.6401589443016469,0.7603351616637074,-0.4119944382845158,-0.9310772579038776,-1.262997284781045,-0.9303823777570912,-0.2605485513520769,0.2107385553843476,0.2418186885411874,-0.5464617356948731,-1.0409330160816144,-2.3755218306472417,0,train
GSM2278751,-0.367037282395266,-0.8808874118507675,0.0955698600976276,-0.6233168614335345,1.2379826941747716,-0.3324483393598068,-2.421751396364144,-0.7652856184346927,-1.6556273237571717,0.3226541840783976,0.4739614448368361,-1.1037444888264711,-0.3790295230422815,-0.5389506980294038,-0.9833449488509908,-0.5921326374512493,-0.7466710741886419,-0.4827696379784108,3.0549454908925773,-0.5501260610335391,0.3268730668755309,0.378930082190736,-1.2948289711972325,-0.2557588733790837,-1.0062244797600133,0.5245817159553939,-0.272841919085433,-1.0145905597079918,-2.8016701950860035,-1.0141204070559522,-3.002820273582723,0.2849091189080147,-0.8813135595179066,-1.5139191905830702,-0.1622603042852936,3.131866054366258,0.7779202778002072,-0.9054119005071344,1.0861734597026464,-1.3938120310686757,-1.0400031860714292,-0.775086610459485,0.1763018262367192,-0.0251305071268311,-1.3576097310224728,-1.5164334604357073,-1.064673145518714,0,train
GSM2278752,-0.5643790985009761,-1.0049980676050925,-0.703829418040987,-0.0290971916227983,2.060837604049734,-0.3021043313831095,0.3424711783853281,-0.5942832458252733,-1.243391657401766,-0.0096501052621562,0.5902199071196466,-1.2198350377185905,-1.1651180779297383,-0.6210179099532557,0.6816988297182835,0.2253720450954615,-0.7694908398070704,-0.7536473109472591,0.6267347693660141,0.8603153805558554,-0.3935630864153532,1.5112429774393468,0.2037136775114893,-1.168171628148612,-0.1149999699560101,1.1725397752044493,-0.0335497775754337,-0.4195732163265666,-0.2830814356305854,0.5450737483763093,-0.0359434109882031,-1.0203295310186375,-0.0692677265032307,0.585348645746482,-0.7853605617207818,0.0440646008874215,0.8005574045716168,-0.0853068730863275,0.0162931524458841,-0.0997456793884155,-0.9203237199950705,-0.8553183304551263,-0.3818962712741696,1.1096445784631472,-0.5369202221081347,-0.1941711339515751,-0.1392859064265147,0,train
GSM2278753,-0.5856235194921436,-0.5178859845897887,-0.362587337746636,-0.9433124050960188,-0.1767468825572792,-1.0700332862897657,-1.4509747524649874,-1.593479996950763,-0.7109144892047425,-0.9297113484271732,0.7121160129508556,-0.684247817448455,-1.1664823624760985,-1.1524583192709248,-0.3638984846930762,0.9190790646669362,-1.2446970510336963,-0.399278772553463,-0.4846810362889247,-1.1012883718209503,-1.2512615811973666,0.7382892815521511,-0.1102782108393717,1.4572260998891766,0.2571311466383672,0.1966882323043477,-0.7439748895226465,-0.5220411526370871,-0.8284639206783835,0.2037969326920464,-0.382314556624352,-0.6579296276924842,-0.2444902730618184,-0.7658907650169663,-0.8778046405102417,0.6857894875455116,-0.3234127602669159,-0.6073072547980222,-0.7045962957849964,-0.549170651325167,-0.8946672662003403,0.2195957534624209,0.3634896418427036,0.7166973227613554,-1.1130791592698586,-0.6733072745473736,-0.6238223316231402,0,train
GSM2278755,-0.5051501475560539,-1.2163588002714965,-0.5335058953430629,-0.3178259017727537,-0.5726907414636682,0.2133150558062965,-1.2271203625806746,0.4329718085189965,-0.3609321728371415,-1.0400297593445973,1.1758963044940556,-0.7438305440142662,-1.1305458069211634,-0.427775825341136,-2.1291806842827663,-0.9574714288760672,-0.9477002506987896,-0.8326759817832949,0.3492833499485609,2.092899176822252,0.157049828483253,1.5245554361320723,0.6423683572660249,1.3565215398465575,-1.2948325027429692,-0.2048370313865684,-0.5708989041942822,-0.7057960240866117,0.8461756359351149,-0.6424570024561618,0.0186043469864165,-0.3878395551472536,-0.9970314834938158,0.5516720571309373,-0.281606845628718,-0.2109457155968435,0.4677245707222761,-0.5515266049077479,-2.0115118741040283,0.3078834940013751,-0.398019269553623,-0.3796691349721563,-0.3049300497614827,1.054771670767426,-0.5069622953084071,-1.83515931331376,-0.9097460629414598,0,train
GSM2278757,-0.2668006905115926,-0.6408537099676636,-0.6073671569179347,-0.823068820733668,0.4656423737913417,-0.1656676204515932,-0.1771055107820836,-0.2423518856570182,-0.2457071764950122,-1.1524293883619243,1.2373409268030588,-0.7442051899996195,0.2959749700108217,-0.6046818996306577,-1.1351460417171455,-0.1532642608019201,-0.7281372923769942,-0.7084781112846241,-0.7550415964432143,-2.5238043264600893,-0.437411326770993,-0.2098449003009904,0.082918133160082,-0.9681514420119844,-0.0762706996545951,0.2047060312612943,-1.337806580022896,-0.2658049435725725,0.6669849103873493,-1.4543672974177773,0.790198535026795,0.0829499487420864,-1.2764551200460643,-0.4614987365848758,-0.2894447504532134,0.2017144341041209,0.7116494733951196,-0.6423658289261606,0.2034978221930818,-0.198891058296523,-0.6444650755374024,-0.4226728046720717,-0.2584138644118409,-1.2693210941614577,-0.9054847188369938,-0.8473426597071269,-0.2051754652668768,0,train
GSM2278759,-0.5488873781827351,-0.2513146913654013,-0.7010004531877598,-0.1851120579107657,-0.9467327765941556,-0.0599928109816701,-0.5908216959831476,0.1919638761570637,0.0689915072129939,-0.5836029658554701,1.1553006574870803,-0.9094410784383644,-0.8414292019854953,-0.5730218841528766,1.0886150667257857,-0.9801796302686122,-1.4574541710721247,-0.9083355740129488,-0.3033371918584758,0.1199908897355757,-0.659201820008974,0.1219894929212218,-0.7814284441614585,-0.1781597589216531,-0.141683495668751,0.5515420820288625,0.3236638745600773,-0.3316064383518267,-0.897506873964642,0.343547967412977,-1.0265462450949618,-0.2945656867523814,-0.4275294269349791,-0.8499597597163727,0.3006689297356,0.1708083298330328,1.0518639097277958,-0.7920907093097622,-0.6859235274060617,0.4347798832009842,-1.0488190969410316,-0.7243643030590767,0.2289748812185366,0.0025084254197509,-0.7981252205706022,-0.6356700644903712,0.0123027464622924,0,train
GSM2278760,-0.2597507913212414,-0.6671519306311939,-0.6527995288875867,-0.6072488714272876,0.0360056094933002,0.4538185254610494,-1.044626774506072,-1.1523221264153785,-1.0983176242788304,-0.5418043277342157,0.3359574468425474,-0.3736202101277499,-0.8024890604516959,-0.6554307329275872,-0.7886060213953043,0.1104438447380612,-1.0208624678654294,-0.234315844053209,0.5390310990021083,-0.5425951548530318,0.2754659920181592,-0.3081479440446979,-0.3248499379225243,-1.159586670815344,-0.3384480086023653,0.2512264303376064,-1.2250328665646688,-0.6471436683079009,-0.2541604934678275,-0.084631195807909,-0.6555466212798227,-0.1985107907124149,-0.0084770539960087,0.0067304336877491,0.2067487345095367,0.1874341147505578,0.8722506758774501,-0.2505683086506539,-0.4050424974903617,0.7962766618268426,-0.3013378861467571,-0.4960721117842966,-1.0786834612864908,-1.1684132029450467,-1.1005108220327668,-1.0862783670205662,-0.4368138183560078,0,train
GSM2278761,-0.326486556362161,-1.1896381496315305,-0.8595509047113776,-1.1831458901083114,0.3223237753109426,-0.0158335989350544,-1.1292984341960892,0.230908338727571,-0.5911356901108417,-0.8996968454708415,0.3926036828450548,-0.727667873119365,-0.9411150129031156,-0.6425805054625942,-0.7493585206586041,-0.8825649488102127,-1.2445448956815652,-0.8384940174840775,0.0483302200525342,-0.6246048570303864,-0.113035628702859,0.3825022240051365,-0.5789538706648547,1.3677704619423618,-0.2904641224635264,0.5116059056450785,-0.0673635346170968,-1.1286100997178248,-0.8242400822363155,1.1245402606082155,-0.881207795287506,-0.445659965857562,-0.922692549508228,0.1271754154954628,-0.2221630969448397,-0.3466348702870827,1.222397551017059,-0.4052645246859599,-1.8429627322321,0.2943474638500124,-0.7734324434972316,-0.6037937621626829,-1.1439973048742689,-0.1293544978192131,-0.6431488898258214,0.4300485724396408,-0.1948666586212722,0,train
GSM2278762,-0.6757231930739738,-1.0835689188874331,-0.2574893090817582,-0.5943485725041364,-0.6055676710772607,2.940564744866733,0.0919949873006854,-0.8893798076853505,-0.8699784115996216,-0.4993871261441719,-0.2646079335174635,-0.0269777644106235,-0.7702410794139481,-0.4105512546133344,-0.6664146709015206,-0.0436388134045037,-0.3766349877190182,-0.7718150423345144,-1.2210064316369864,-1.2292647560881227,-1.403993380057473,1.9972343455953947,-0.4852862197032865,-1.0811789871094246,-1.2267746936482746,0.2258772714901574,-0.3961105539812242,-0.4833062359638467,-0.2840602280652011,0.3465583636997368,-0.2353205693569378,-0.5602086946896309,-0.7551256154587481,-0.1458786969884871,0.3018668179980907,0.1575750970681903,1.86360426824808,-0.7300862641703504,0.8881705336825172,0.3460229182933273,-0.9278787945863932,-0.2394144933542568,-1.7990967812083758,1.8100129520774095,0.7592738259489555,0.7314296134592881,-0.5392628123759966,0,train
GSM1447497,-0.6410194209255482,0.109700329600544,-1.136658187113965,-0.7739507485513147,-0.911700554056168,-1.1086917353448713,0.1379839058164814,0.2325125174485964,-1.369055997827346,-1.7352813508011529,0.3773054516116811,-1.0458850681926943,0.4438501644253776,-1.273666760985494,-0.178812089064666,-0.5971298124648519,-0.9297316980750022,-0.8826589749909616,-1.2980506824106324,0.8807867405106666,0.0709677816766459,0.1487515920730804,0.3833361981239623,-1.712265845513781,-1.3086089171287063,0.804697522277185,-0.6547594130244941,-0.2828479913934699,0.7092810561702002,-1.2014116038716234,-0.0114235056770761,-1.019502821584098,-0.5371039987606888,-1.004207247487643,-1.8816037099847296,0.5495154741980721,1.2843371964702683,-0.1394564329661795,-0.5113140842265566,0.2273381953090109,-1.3613343844506094,-1.3857020508924622,-1.075456237007988,0.8997383552580399,-1.2178686870460846,-0.6004832616808107,-0.5109356363368268,1,train
GSM1447499,-0.8841002160924163,-0.6610297191055665,-0.4859098241573035,0.521410540307792,0.0682220601574971,-1.0825481447345215,-0.0869936806745545,0.8890357189732844,-0.0333650868262446,-1.7352813508011529,1.455962627585847,0.5436246142964422,-1.2921325000610466,-1.1766677748776286,-1.7748641388732251,0.058257535232661,-0.9297316980750022,-1.1712025384841305,-0.4698974774508006,1.5105484864763152,-1.4491375110823588,1.5440448739815122,0.6220208427591816,-1.712265845513781,-0.5543835284263537,1.6991611488418732,-0.2592342220887222,-1.1809556394799523,-1.3325893138362854,-1.079935726457548,0.2721038786319109,-1.710920868160055,-1.1550473541251634,0.0541850474279792,-0.7944121885885258,2.575402928486951,-0.1773568912543179,-0.8409984782602048,-1.1184039725439137,0.7919968262313325,-1.3613343844506094,-1.4452317008369826,-0.3167037687254782,0.8179045895198614,-1.0533732561174514,-0.4662253723841076,-2.234653998178227,1,train
GSM1447500,-0.8196593341522059,-0.6491173535923342,-1.136658187113965,-0.3568627874576722,-0.6830519440729809,-0.9169720708689848,0.9777517286592592,0.3470621385479577,-0.8270871726829189,-1.0156351696011008,0.7606414648632014,-0.4041112057792403,-0.8469814985801327,-1.1311376385412824,-0.430565496314551,-0.7727736216477857,-0.9297316980750022,-0.7848640088405925,-0.2701138875750463,0.5739797360658633,-0.60889582402979,-0.4200546979525195,1.3002633478117418,-0.8166607032099109,-1.5236958056154328,1.1419023938847577,-0.3398508215151218,-0.0842714259874143,0.5062221243463493,-1.039443767319517,0.8729119072866359,-0.7665449996660663,-1.0850200826137224,-0.6914602755342808,-1.3207628423955151,0.713954390942301,1.911769036595164,-0.7844761333786966,-1.7015297863224248,0.9147487025187984,-1.3613343844506094,-1.3639229106688582,0.2210933104417947,1.315921506726486,-0.4668526622325673,-0.0468580327831677,-0.3411185701745962,1,train
GSM1447502,-0.9216227549436774,1.4510326863904666,-1.136658187113965,-0.8474464245149522,-0.1967199799817507,-0.4202438492723691,0.2048089315068885,0.7710667061993162,-0.0333650868262446,-0.9319239815440594,0.4584495712050691,-0.0222806325991419,1.2916556517327016,0.2327868804040034,0.284349628119414,-0.4765385404885101,-0.9297316980750022,-0.1729192701570942,0.0301195519589084,1.038227177002083,-0.5194095032786861,0.2919075375493198,-0.1223916627863091,-1.712265845513781,0.7664584211353055,1.097574992922259,-0.4569968175566082,-0.4825528327393337,-0.3849809653249917,-1.039443767319517,-0.0114235056770761,-2.5170131273388527,0.8766898341865168,0.117794601045611,-0.5679764372356596,0.713954390942301,0.7013253096285542,0.4390663911151521,0.5830453197139399,-0.5153106562301337,-1.3613343844506094,-0.274965899488621,-1.075456237007988,1.552070373570947,-0.3522451898642558,-1.3577580979386217,-0.2133800690791138,1,train
GSM1447503,-0.0789970455229563,-0.9147631045374076,0.3261351415834875,0.0841112683241512,-1.85170039509817,-0.8363626664870771,0.2983639674734573,0.1778022506548725,0.7743432912922236,-1.3747831699748607,-0.0563958772495263,0.4043248612144516,-1.2358246168188296,-1.9061397418316792,-1.1535496402116523,-1.218437018082092,-0.3999743406183575,-1.403586616465206,0.5346010191312044,0.7152724354812321,0.7891826677049818,1.3474440421941425,1.1962819184657032,-0.1774005032470401,-0.3108710599634082,0.6511347403713894,-0.4998243860018832,-1.6931929161523922,0.7092810561702002,-2.478465699763224,1.2441977676912432,-1.8677547177492348,-1.451243786328963,1.0666371091753104,-1.1902998598279708,0.4442745674817667,-0.0177226841428952,-0.7861385552869751,0.0558356798593946,-1.5924583706526063,-1.3613343844506094,-1.3014893753611911,0.7408248546499602,1.792895455600442,-2.392258198020184,0.5128012585547759,-2.427013152769072,1,train
GSM1447505,-0.7927409910632581,0.5397367246282183,-1.078813888184483,-0.3770740983476721,-0.0007354571390195,-1.8799276583501427,-1.5660542492888905,1.1796840113149432,-3.507210427348745,-0.1798734694832176,2.859196281933561,-2.754794539037821,0.4650984222526296,-0.0978015008207607,-0.9663483886668676,-1.3731084321387088,-0.5269130045456684,-0.5582895328090441,-1.2322002254124793,-2.8251189184410417,-1.221354149170459,1.3188128530988918,-2.204383464010365,-0.8246714826580663,0.9578573263085154,1.4347798645298322,-1.2682013492847517,0.2666223912926062,-1.10696827847645,-2.163874324921637,-1.334551299118962,-1.6417790635024596,-0.3866399964590792,-3.871937956415944,-1.029845387015014,3.406367587767777,2.1769006327541334,-0.6714314436156786,-2.013062755327382,2.10851069941436,-1.0309502105013888,-1.4263564459765252,-1.0073630667775062,-2.72666652073952,-0.337413634616593,-2.078828559554625,-0.2314137398220055,1,train
GSM1447506,-1.2266973099517613,-0.9183368141913768,-1.136658187113965,0.1704686875814249,-1.5178008376623988,-1.4964883293983695,-1.2542041294003266,-0.169266004317813,0.2306261796150719,-0.8873680266104723,1.4000011657973033,0.2675126037232105,-1.0392782319167562,-2.182289916567336,-1.960451586525381,1.5315682928566654,-0.9297316980750022,-1.8790057093348216,-0.8694646572023104,0.4084654310364288,-0.0777886995719413,0.9103412220066838,-0.1247548770896288,-1.712265845513781,-1.1238426472832812,0.3471754194856898,-1.5289456630545115,-0.9609418312175596,-1.10696827847645,-0.9522303168683864,0.569132566955587,-1.1628455873376495,-1.324437646024461,0.6531750106606942,-1.668664129242301,1.5536891257828198,-0.5327165175197445,-0.4470044859979182,-2.103593703585234,1.7433238674591631,-1.3613343844506094,-1.4873380386026176,-1.075456237007988,0.6518989504509852,-1.751804675961978,0.0330932945508245,-1.19320951277623,1,train
GSM1447507,-1.2576941898723686,0.343182693659891,-0.6282957907529487,-0.7739507485513147,-1.2927815706948185,0.1069852280363195,2.719657398322528,1.5592364871964022,-1.6225575450723209,-1.7325809898960876,0.9299248867735436,-2.376695209243848,1.0823603121342769,-0.2096472705165642,0.0971483765746279,-0.2904085337424187,-0.9246541515179098,-0.1845384740561478,-1.2980506824106324,1.038227177002083,-1.4491375110823588,1.103124561914689,0.8890640590342301,-1.712265845513781,0.2254248822545967,1.5139359376771508,-1.508791513197912,-0.2602824725973287,0.5062221243463493,-0.3728838245858552,1.595231672073797,-1.554087018570875,0.4584188340776381,-1.8947409981345087,0.2642874170745369,1.0121369599718322,1.9645177311189357,-1.2532791115135689,0.6842269677668317,-0.7270576428260016,-1.3456696175823273,-0.7628186404973655,-1.075456237007988,1.315921506726486,-0.8902261483931491,-3.1755194080793827,-0.4793767125367675,1,train
GSM1447508,-1.229960139417088,-0.457328268829299,-1.136658187113965,-0.4726184771004008,-0.1350211487164458,-0.5117464164085883,-0.1872312192101642,2.2944056972370674,-0.2274248919586012,-0.968378853762448,0.4724399366522041,-0.5894296272901026,-0.6568095910262346,-0.9084358847222046,-0.7275054125580035,-0.9956053198649402,-0.5082953338363289,-0.4062716151297568,-1.2980506824106324,0.0976214923226163,-0.9110574265659832,-0.3360698766064579,1.3002633478117418,-0.0219913819528093,-0.5989169370557631,1.7434885498043706,-0.8210311493414427,-0.5784562876229408,0.2956424913438431,-1.282395522147678,0.2721038786319109,-0.0886180369257374,-0.8976498155966232,0.0541850474279792,-0.2110777033152515,1.2533140378633645,1.0316987121721923,-1.552515055003912,-0.7083520304348202,0.5679746520067134,-0.9483541670140831,-0.649567111334622,-1.075456237007988,1.0797726398820315,-0.8039334633158334,0.3363049321759623,0.2750318468742049,1,train
GSM1447509,-0.853103336171809,1.1544147851109907,-1.136658187113965,-0.2943914628885811,0.0682220601574971,-0.8603276245465635,-1.5103667278802182,-0.3539131547466322,0.5051071652527336,1.0420398400590831,2.1708703019344844,-0.6565920082403456,0.8050705474886484,0.2327868804040034,-0.2950059693338429,1.059689402514458,-0.9297316980750022,0.274420079956477,-1.2980506824106324,-1.2789730934099894,-1.1353543084486188,1.2672767127274456,-1.1882013135831857,0.3224721343179106,0.2396376722427067,-0.8243344630946092,-1.5289456630545115,-0.0752452184689574,-2.2877183635262406,-1.241903563009652,-0.9632654387143548,-0.9790295700772133,0.3287737503334841,0.3086232618985128,-0.2635628112447239,1.9614976393085,0.8443020342587839,-0.1394564329661795,-0.873437877257962,0.6753825437582436,-0.4186002329230922,-0.4317757090985741,-1.075456237007988,-0.0495333273048291,-0.2133678998179509,-0.0151792049715859,0.5079667606365551,1,train
GSM1447510,-1.495880740841246,-1.0910661141332414,-0.3624344937501426,0.2825495934259708,-2.236410754752425,-1.4463797807285368,0.367416494020213,1.0001659483980363,1.415964448801918,-1.7352813508011529,2.20864428864175,0.003838071103729,-1.7670310625001102,-1.9882919443516027,-1.1535496402116523,-1.5802108340111198,-0.9297316980750022,-2.068786039686034,0.8125122698522274,1.6639519886987169,0.2952646635592823,4.447247448239688,1.0568522745698796,-1.4815553974068816,-0.6102871690462514,1.2194753455691294,-0.0211633269076364,-1.4506135890938574,0.0888232089306644,-3.515682806914206,0.8729119072866359,-2.237073137749563,-1.865729528518304,0.7220853604131291,-2.2819901047609874,1.8759894026015045,-0.0899051082280611,-1.9265599843668408,-1.4272742666001113,-2.043571516009032,-1.3613343844506094,-2.449976036485946,0.6699523713488471,1.152253975250129,-1.763939584800975,-0.2987801396657464,-2.451058047092929,1,train
GSM1447511,-2.124791120283044,-1.441289660222262,-0.9597881192334364,-0.3366514765676723,-1.0205808445243545,-0.8603276245465635,0.0733863809824214,0.7129370477309868,0.0942598300626041,-1.7352813508011529,2.1302982421377905,-0.5446547066566038,-1.2655721777769822,-1.773508475112761,-1.9895000565926773,-0.1593310642029122,-0.9297316980750022,-1.9700228065440777,-1.207645817718252,0.8807867405106666,-1.4491375110823588,0.6698392336065987,0.1210194104555495,-1.1899630254939917,-0.8348492508583845,0.3899196989852416,-0.0967413888698856,-2.7639267830293663,0.5062221243463493,-0.9460007846933052,0.8729119072866359,-1.6400926780230054,-1.8609979561188823,-0.2073208952222902,-0.6474538863860031,0.7490346931810695,0.0044872924986941,-1.1967567666320575,0.2821630505040223,0.6753825437582436,-1.3613343844506094,-1.086601858488291,-1.075456237007988,0.8179045895198614,-3.261926664815012,-1.1284637252071732,-1.9731657724062976,1,train
GSM1447512,-0.612469663103936,-1.870134818698614,-0.9063933817600692,0.5195731484087006,-1.0242101875399592,-0.2655609381611422,0.2025814306505415,-0.2615895795322213,1.1170074517061208,-1.7352813508011529,1.1565688070171432,-0.7473855973027149,-0.2520302794170992,-1.177657560450158,-2.452661773776759,-0.4162429045003392,-0.9297316980750022,-2.186914612659748,-1.2980506824106324,1.1956676134934938,-1.4491375110823588,2.954608123407412,1.437329777404244,-1.712265845513781,0.0463437284044146,1.6168388327686622,0.3441306392432354,-3.208467503313378,0.0888232089306644,-1.4443633586997844,-0.0181741576844327,-3.483312007065739,-2.545183325075261,1.1320135948378764,0.6106891294090518,1.91545474262012,-1.3045132058149678,-1.4112091928001376,-0.876100552206722,0.0002472241772074,-1.3613343844506094,-0.5871335760269549,-1.075456237007988,0.7313946085966405,-0.337413634616593,-3.284132532004805,-2.6674620960076285,1,train
GSM1447513,-1.7095960708201707,-1.795086915965253,-1.136658187113965,-0.1529122866585802,-0.8028202635879815,-1.5422396129664775,-0.7262864264461127,-0.2154277919250191,-1.813120777139232,-1.6974762981302305,1.888264919902341,-2.5035574843720885,-1.5163016201385462,-2.1050866419100545,-2.397792441427424,-0.3507041697305871,-0.9297316980750022,-2.263407704995185,1.2489110611450769,0.2550619288140271,0.9542093890901338,1.6547521384831398,-1.715198103223329,-0.5651222285378044,-1.200591713219073,0.4627432862807731,1.829239556801435,-0.8639101003941465,-0.629403753631472,-0.3728838245858552,-0.3084521940007603,0.2537182154033344,-2.198832225437592,-1.9795537362913531,-1.1678062421439113,2.5293600317985656,0.6402478738641837,0.4390663911151521,0.0292089303717885,1.7463926643663477,-1.3613343844506094,-2.364311418273102,0.6296523318246844,0.2894922736104789,-2.1832681013485598,-3.2554707354133745,-0.0450658088121238,1,train
GSM1447514,-2.258567128361454,-1.870134818698614,-1.136658187113965,-1.1138682498831352,-1.354480401960121,-0.7252524063930981,0.5010665454010255,-0.1726853959924211,0.3634959561020941,-1.7352813508011529,3.5755029928269124,-0.5919171228808507,-3.2289112010149936,-1.3736351038109482,-0.8711339590018466,-0.2956516325239949,-0.9297316980750022,-1.0908363781823411,-1.2980506824106324,0.7112355012122173,-1.4491375110823588,0.4827821315176426,0.614931199849226,0.2439664957259792,-0.9627643607513712,-0.7641758475026482,-1.5289456630545115,-1.738323953744678,0.2918821407545153,-1.568954002201404,-0.6189821863391659,-0.5962200662412566,-1.3698607410589088,0.2379459801011435,0.2822823112217847,0.643793786464764,0.2973813594596507,-1.6057125560688617,-1.3047912189571351,0.2212006014946367,0.8060997222335022,-1.4495875288817026,-1.075456237007988,1.7905573480079189,-3.5841759106506137,-0.4104102948113213,-1.1826898715095435,1,train
GSM1447515,-1.3710775137924849,0.9638169368992784,-1.136658187113965,-0.0242948537222136,-1.7319320755831649,-0.9431156614793312,0.106798893827624,1.759270900160957,-0.961705235702664,0.1468702000297519,1.9847984414875777,-1.6777089482431484,0.315298204570508,0.6257317526981114,1.0573616926879676,-1.3206774443229048,0.1043952840528257,0.5949164541720429,-1.2980506824106324,0.5739797360658633,-1.4491375110823588,-0.0115830668603113,0.1824629823418441,-0.2751320125145464,1.4401446665717026,1.0200020412378887,-1.5289456630545115,-0.523170766572391,-1.3325893138362854,-0.4600972750369883,1.2441977676912432,-2.0448251930918597,0.4063715376839999,-1.3222550155758082,0.00636060096399,1.836524062582892,1.7854497944461234,-1.8318019355948971,-1.00923429964474,0.2273381953090109,1.4839569067155238,-0.8063769209445762,-1.075456237007988,1.0797726398820315,0.1857357686646362,-0.4435976382329766,0.3531777534267352,1,train
GSM1447516,0.611091386393724,1.6857062870011363,-1.136658187113965,-0.1547496785576698,0.8086080353411609,-0.389742993560296,1.1759993048741333,0.7693570103620134,-1.206465350284018,0.3764008769603503,0.5423917638878842,-1.1963785514330587,1.5615085261387922,0.1872567440676608,0.4005435083885922,-0.091170780042372,-0.9297316980750022,0.3828659830143108,-0.5290512778050742,-0.0678928127068181,-0.6054093440005256,-0.6013855622224266,0.6527426287023288,-0.2190565563774523,0.4784125440429491,0.6511347403713894,-0.9986395949527288,-0.1666355695933359,-0.3887413159143194,-0.7778034159661177,0.8729119072866359,-0.1611326125422394,1.1709936374305476,-1.172065791756396,0.0138584735253434,0.9090885721454496,1.4967200981054665,-0.6165715206424475,-0.2210825148116809,0.5649058550995291,0.2208070692458735,-0.0818575228393252,-1.075456237007988,0.4227644063840842,0.4756252575962453,-0.2112862342813783,0.0225604564737199,1,train
GSM1447517,-1.1598093059125554,0.1370987702809772,-1.136658187113965,-0.6251220047249483,-0.4507739910741845,-1.1348353259552175,-0.1872312192101642,1.181393707152246,0.1641912913715657,-0.4013030636986176,1.009669969822217,0.3371624802642063,-0.0193618562086991,-1.3716555326658897,-0.906637644639652,-1.2708680058978965,-0.8823412635421393,-0.8565157662180908,1.3437803636000432,0.2550619288140271,1.2447493915287815,-0.8552487722002955,0.3833361981239623,-0.4593799398221411,-0.805476151549624,0.3899196989852416,0.1891956122206238,-0.8266769943805106,0.7092810561702002,-1.643708388302375,0.2721038786319109,-1.2387329339130595,-0.5730639489962941,0.9288164096704372,-1.1753041147052647,1.6370048435998932,0.8637357638201745,-1.552515055003912,-1.7015297863224248,0.7919968262313325,-0.0725512921055896,-1.086601858488291,1.3758978912893514,0.5747413998978431,-1.2300035958850826,1.0875457059934726,-0.8731118570899025,1,train
GSM1447518,-1.7063332413548435,-1.2089985327142383,-1.136658187113965,-1.2112500205349557,-0.6830519440729809,-0.5705694952818712,-0.6951014144572554,1.374589336767583,0.0942598300626041,-0.2716857402554561,2.628355252055821,0.5809370481576882,-2.2185565413291988,-2.2951254718356684,-0.7920575682631024,-1.577589284620332,-0.2950383784384467,-1.3706655387512208,-0.0055959501417851,0.0976214923226163,-0.2730315812107129,-0.3131649253302583,2.115572282456802,0.9056568781436872,-1.3086089171287063,0.6242216755013014,-1.5289456630545115,-1.387430136464658,1.3748631104817055,-0.5878026846261475,-0.3084521940007603,0.0817068964990706,-2.545183325075261,-0.1454782736495912,-2.3719645754972247,0.6174835597856864,1.5647381515703327,-1.7436935744560758,-1.2222482955455656,0.5679746520067134,-1.3613343844506094,-1.568646828770742,-1.075456237007988,0.7360708237816829,-1.6682086372933271,0.8235554742302909,-1.335976072824123,1,train
GSM1447519,-0.8343420667461785,-0.8694961155871261,-1.136658187113965,-0.9889256007449532,-0.1350211487164458,-0.8058618107750041,-0.632731390479544,-0.0188127706350726,-0.8270871726829189,-0.7591008836198445,0.1422673120998006,-0.812060482662211,-0.5048845475613887,-1.4765728033539882,-0.7710781176589439,0.2706030358866532,-0.9297316980750022,-0.9088021837638324,-0.1205552225283925,0.5739797360658633,-0.1091670198353158,-0.6987316051462686,0.5558508422662494,-1.712265845513781,-0.693668870309828,0.4453289501883631,0.2950048989677721,-0.7973418199455256,0.2956424913438431,-1.8991192074806933,1.2441977676912432,-0.4005993506246445,-0.5882049806744437,-1.004207247487643,-0.9488683633524004,0.181172300691004,0.6805034565270642,-1.1385719998422694,-1.0891145481075497,1.1510460643721605,-1.3613343844506094,-1.151939279159105,-1.075456237007988,0.3549592862010229,-1.166632405281428,-0.2821864679549191,-1.1541365594999655,1,train
GSM1447520,-0.8196593341522059,-0.4477983764187131,-1.136658187113965,-1.0238360468276806,-0.3237469855279676,-0.3200267519327017,1.4232518999286372,1.3130402866246442,-0.7117002615231396,-0.5133680412588514,0.7312616974242153,-0.152874151113508,0.4332260355117527,-1.273666760985494,-0.2724127148370597,-0.5971298124648519,-0.9297316980750022,-0.5573212658174553,0.5200915964027983,0.2550619288140271,0.8135880279098282,-0.4009672385556882,1.4396929917075618,-0.4305411338087788,-0.4871096558159677,1.4616929293999203,0.7119438741261819,-0.523170766572391,1.1379610233538868,-1.241903563009652,1.2441977676912432,-0.8744736703510938,-0.3629821344619695,-0.6225499257818409,-1.442228377889436,0.4157718219127681,2.125540061770459,-1.0803872330524795,-0.5113140842265566,0.2273381953090109,-1.3613343844506094,-1.1722664767011346,0.9728974960477244,0.6542370580435044,-1.2677566456064076,-0.2354224840425828,-0.8731118570899025,1,train
GSM1447521,-0.9330426580723228,0.02274006135395,-0.5949240798320947,-0.1308635838694872,0.0028938858765918,-1.2633746464560984,0.1379839058164814,0.4667408471592286,-1.4687083301926118,-0.6996929437083956,1.275486913317797,-2.4562950681478424,0.0560694590780435,-1.8635789622129209,-1.4989036732339298,-0.2904085337424187,-0.9297316980750022,-1.4703970388847647,-1.2980506824106324,0.7193093697502412,-1.4491375110823588,0.102941689520683,0.0595758385692549,-0.3728635217820527,-1.40146581171769,-0.0565205535656294,-1.5289456630545115,-1.531849456759972,0.0888232089306644,-0.9023940594677374,1.2441977676912432,-0.6147703065152456,-0.5475134580394166,-2.3647449220870222,-1.6266760428987237,1.3234746423409012,1.1191504951984492,-0.8409984782602048,-1.525793239704243,1.6359159757076331,-0.8515174263737944,-1.915661129666844,-1.075456237007988,0.5747413998978431,-0.5841567810095436,-1.3381473950076428,-0.9031679749947223,1,train
GSM1447524,-0.4020171625903381,2.069284456527208,-1.136658187113965,0.0179651599568774,-0.966140699290259,-0.0455190505240441,1.211639318575683,1.3130402866246442,-1.0228952643480032,0.4830651327104517,0.8837566807979956,-0.4973922904323579,2.477308438493319,0.4604375620857275,0.4021573122812182,-0.4136213551095511,-0.9297316980750022,0.3702785121236693,0.2533414400882427,0.8807867405106666,1.2865871518799474,0.0800367382444834,0.525129056323102,-0.6003696581096916,0.9408019783227844,1.539265881084292,0.955053306771417,-0.1564810861350708,-0.1367978264291712,-0.6407537081143382,-0.9632654387143548,-2.15444024925634,1.3981091126027896,-0.4440897892434831,-0.2890555779533238,1.1831534333858271,0.6013804147414026,-0.5035268308794295,0.6842269677668317,0.1137927097431064,-0.2220786122119179,0.2941956316882502,0.7533317634678048,1.2340877409883075,0.633379072503214,-0.7060793543860833,0.3351440826838435,1,train
GSM1447526,-1.495880740841246,0.904255109333118,-1.136658187113965,-0.9025681814876778,-0.3273763285435745,0.42288694791136,0.6703566104833875,1.4327189952359165,-1.0246435508807277,-0.5930286879582936,0.4164784748636616,-1.966258436770128,0.717952690396919,0.0823394733795622,0.7152352674509461,-1.1083319436689103,-0.9297316980750022,0.7072354251962292,-0.6864227089362556,-0.2212963149292198,-1.0737598279316258,-0.4219634438922036,1.401881562854459,-0.2959600390797532,0.0861395403711223,1.1751479446066306,-0.6963273471037313,-0.1824314327506355,0.7092810561702002,-0.998951808181491,0.569132566955587,-0.6603027144604912,0.3628410716093198,-1.064282937015406,-0.1226028070912848,0.0167333839467752,2.040864525824401,-1.1418968436588297,-1.0118969745934998,0.224269398401821,0.2151107903846803,-0.2764178421701944,-0.3792383128146964,0.9862483361812548,0.2976465946242803,-0.2897290460052949,0.0586277979595033,1,train
GSM1447527,-1.6476023109789557,-1.870134818698614,-1.136658187113965,-0.2943914628885811,-1.673862587333467,-1.5901695290854505,0.2694064563409486,1.759270900160957,-0.094555115471584,-1.7352813508011529,1.1090015644968805,-0.9128040540875788,-1.662914599146579,-2.411920169394118,-1.0777008572581614,-1.6745866120795658,-0.9297316980750022,-2.1201041902401885,-0.287971638625393,1.667988922967726,-0.540328383454269,1.0764021187591244,1.4727779919540287,0.5579890500937049,-2.140530891099393,0.5371499950392523,-1.5289456630545115,-1.4336894499967507,0.5062221243463493,-2.715187922416302,1.2441977676912432,-1.387134856104972,-1.5581773225558933,-0.8822889363871776,-3.660099081537693,1.1108003100183694,0.1419115229685275,-2.210834130682665,-1.525793239704243,-1.1689643974608654,-1.3613343844506094,-2.2597715451997997,0.2641726630365895,2.223107252624005,-1.7207932422623176,-0.209777718671304,-1.82438798877744,1,train
GSM1447528,-0.9697494895572524,0.2955332316069631,-1.136658187113965,-0.3146027737785827,-0.5088434793238824,0.5841057566751736,1.3519718725255363,0.3470621385479577,-1.720461590904864,-0.8549636957496828,0.3381324283597019,-1.1777223345024344,0.4226019065981267,-0.6213980686887283,-0.3643995367168249,-0.2248697989726667,-0.9297316980750022,-0.4876060424231329,-1.2980506824106324,1.1997045477624972,-0.8506251060587449,-0.5994768162827424,1.4396929917075618,0.614064506230799,0.253850462230816,0.7477051496111173,-1.5289456630545115,-0.1813031568108284,0.7092810561702002,-0.8619021003297115,0.569132566955587,-0.279179596103987,-0.0809804194564362,-1.619099599124764,-0.3640343035668564,0.3806915196739996,1.1191504951984492,-0.5583867538526577,-0.5406035086629205,0.9147487025187984,-1.3613343844506094,-0.7628186404973655,-0.455669422257074,1.315921506726486,-0.3684250683162535,-0.8674905246641431,-0.4493205946319464,1,train
GSM1447529,-1.4273613220693775,-1.870134818698614,-1.136658187113965,-0.6067480857340398,-1.133090478008146,0.1069852280363195,0.8084616635768954,1.494268045378854,-1.5194086396416078,-0.4553102817999349,-1.291745146231612,-1.6242277930420277,-2.012448440404861,-1.1311376385412824,0.5925861716112601,-3.208193005691741,-0.9297316980750022,-0.6551162319678253,-1.2980506824106324,1.038227177002083,-1.4491375110823588,-0.1451952826381351,2.6118472861537967,-0.2799384801834409,-0.7040915829677753,2.2057600169847054,-1.0716983881829028,-0.8086245793435967,1.3748631104817055,0.3466271416359972,0.8729119072866359,0.0564111143072682,-2.545183325075261,-2.3647449220870222,-1.0493398556745324,-1.2373874210891955,2.350416075266548,-2.6048281229449515,-1.650938962295979,0.9147487025187984,-1.3613343844506094,-1.5483196312287113,-1.075456237007988,1.2340877409883075,-1.1989921621854207,-0.5401426372777978,-0.8039827859088168,1,train
GSM1447530,-1.734882999176456,-1.870134818698614,-1.136658187113965,0.3101104719123345,-1.4597313494127009,-0.999760107801754,0.469881533412168,0.8890357189732844,-0.2274248919586012,-1.7352813508011529,1.1915447206349818,-0.871760376840207,-1.9062071512686056,-3.56699993253574,-2.249322483305697,-0.6574254484530252,-0.9297316980750022,-2.3118210545745748,-0.1250196602909795,2.7014440958344297,-1.4491375110823588,0.6144856013557857,1.4727779919540287,0.3561174080001674,-1.8704878813253087,0.6717153193896919,-0.4469197426283079,-2.426572277027032,0.912339987994051,-1.322887481285704,-0.6122315343318012,-1.0785263133649718,-1.484364793124914,-0.5660081003439451,-1.749641152904915,1.715935523637121,-1.9319450459398624,-2.011343501689104,-1.8666156331455663,2.225124981887449,-1.3613343844506094,-1.7951498870962317,-1.075456237007988,0.7360708237816829,-0.5450554080838861,-1.6956655945954933,-2.0197527551587675,1,train
GSM1447531,-1.1059726197346582,-1.1053609527491195,-1.136658187113965,0.0859486602232409,-1.0205808445243545,0.0743057397733848,0.7772766515880397,1.4344286910732191,-0.2274248919586012,-0.6065304924836235,1.1915447206349818,1.365741907039256,-2.037946349797564,-2.0654952190088856,-0.984100231485769,-1.3206774443229048,-0.6927795254106891,-1.6350024274546937,1.390656960107204,0.8807867405106666,1.2377764314702546,-0.3799710332191728,1.5436744210535986,0.4730747879432485,-0.9409714161029372,0.8347768300731664,0.9235624476204806,-0.9248370011437318,1.6042444964308689,-0.9460007846933052,1.9732681844857525,-1.331484135283007,-1.295101897148046,0.3086232618985128,-0.8378998494443736,1.1831534333858271,1.0969405185568613,-1.8783497490267296,-1.00923429964474,0.9147487025187984,-1.139179508864065,-1.1301601389354996,1.6163084718990104,0.497583849344705,-1.4282071069220423,2.602095378509093,-1.765778558863042,1,train
GSM1447532,-1.0969998387050093,-0.9933847169247392,-1.136658187113965,0.4221913777568804,-0.3310056715591793,-0.6686079600706769,0.90647170125616,1.241233061457882,-1.7694136138211336,-1.7352813508011529,-0.2914340167614069,-1.2933908794723008,-0.6206875527199078,-1.4785523744990468,-0.3902203989988639,-1.053279406462323,-0.9297316980750022,-1.1285987908542665,-1.2980506824106324,1.18759374495547,-1.4491375110823588,0.1220291489175142,1.891066923641496,-0.0636474350832215,-0.8964380074735263,1.038999498793245,-1.5289456630545115,-1.913206724414784,1.5967237952522135,-0.6469832402894192,0.8729119072866359,-0.7918407818578685,-2.545183325075261,-1.3257888796656787,-2.1410301006075483,-0.3033743739819864,1.2413053667271905,-1.7470184182726327,0.5431051954825339,1.0252253911775102,-1.3613343844506094,-1.089505743851438,-1.075456237007988,1.3112452915414496,-0.3549418362729232,-3.30525175054586,-1.0549513704140612,1,train
GSM1447533,-1.5554273785834654,-1.4091262733365355,-0.1989131102379548,-0.5075289231831283,-0.5923183686828247,-1.4638088411354349,0.4877015402629437,1.680624891644976,0.013838649557304,-1.7352813508011529,-0.0298141828999686,-0.3643112763272425,-2.0772556267779785,-2.9968834427588966,-1.21810179591675,-0.6757762941885542,-0.9297316980750022,-2.4986965839510247,-0.80584641908545,1.0099686371190082,-1.4491375110823588,1.0878545943972242,1.5602169211768313,-0.5603157608689099,-3.149638980255179,0.8537742876285218,-1.0729580225489408,-2.1727101905704256,1.5892030940735458,0.3217090129356728,0.5556312629408818,-0.4157768199397269,-2.545183325075261,0.1655017662588381,-0.9218760221315294,-0.1564756083571427,0.8526307754993792,-1.8467637327694149,-1.1902961961604417,0.7674464509738437,-1.3613343844506094,-1.8082173712303944,-1.075456237007988,1.3767123041319898,-1.1491042036250976,0.923117504495262,-1.580933433748403,1,train
GSM1447534,-0.7397200122516924,1.092470484442184,-1.136658187113965,-0.6067480857340398,-0.3237469855279676,0.1069852280363195,1.494531927331738,1.8276587336531092,-0.3550498088474517,-0.3540467478599657,0.1422673120998006,-1.007328886536073,0.7307016450932694,-0.7471008363999415,0.0471204559031772,-1.420296321172927,-0.9297316980750022,-0.3520486636008394,-0.4542719452817473,0.8807867405106666,-0.0022482989378934,1.435246355419569,2.151020497006588,-1.712265845513781,-0.7761030522408644,0.5656461813722866,-1.5289456630545115,0.0285561679932994,1.1379610233538868,-1.4007566334742163,1.595231672073797,-1.277519799940492,0.4224588838420338,-0.4440897892434831,-0.5679764372356596,0.0189259028366996,1.7077148762005625,-1.8783497490267296,-0.3941563864811027,0.3500900715964713,-1.3613343844506094,-0.9152726220625996,-1.075456237007988,1.552070373570947,-0.4021331484245801,0.2276918082505396,-0.5875787369941177,1,train
GSM1447535,-0.7756111363702904,1.9477783282922416,-1.136658187113965,-0.6931055049913117,0.380345559499631,0.3204912180208292,1.1336767886035428,-0.0803618207780115,-1.1575133273677465,1.1379026521889228,-0.1990976048103108,-1.901583551410632,2.0969646233855226,-0.7510599786900548,0.658752131208985,0.2548737395419121,1.3771669543639986,-0.1787288721066205,-1.2980506824106324,0.5497581304517976,-1.4491375110823588,-1.649287083108514,0.7070965576786661,1.0915069613409123,-0.6150247657089545,-0.9778972450004056,-1.5289456630545115,-0.6709749146871264,0.6980000044022109,-1.41944522999946,2.364806000912438,-0.5793562114467201,1.3138871238930834,-1.581994026181145,-1.3762470993495288,-0.8142312753340512,0.7748958572538168,-0.3954694068412502,0.9904345868742712,-0.1194358552030712,-1.3613343844506094,-0.6800579076476688,-1.075456237007988,0.2754636280553617,-0.8470798058544918,0.0511954818717276,-0.4117504472509237,1,train
GSM1447536,0.0270449121001743,-1.870134818698614,-1.136658187113965,-1.3802900752513216,-0.6866812870885833,-1.137013958506081,0.3317764803186617,1.4327189952359165,0.366992529167543,-0.6618878910374731,-0.7601112592404531,-0.4513736220034862,-1.513114381464458,-1.4775625889265176,-1.3843235968573802,-0.3533257191213777,-0.9297316980750022,-1.6011130827491198,-0.6797260522923751,0.4084654310364288,-0.7076794248589297,2.173931034076976,0.9505076309205248,-0.3071751303071712,-1.6951968048052892,1.1862297948472549,-1.5289456630545115,-1.9301308635118917,1.818584480022709,-1.5658392361138624,1.2441977676912432,-0.5709242840494526,-0.7377226684961691,0.2397129121460762,-0.5694760117479308,-1.2965854311171154,0.3182032125611406,-1.652260369500694,-0.7376414548711842,0.3439524777820943,-0.7162308034204502,-1.173718419382709,-0.0623966227626591,1.152253975250129,-0.3778633307465842,0.3815604004782228,-0.8475641568708067,1,train
GSM1447537,-0.7935566984295889,-1.1637315437639562,-1.136658187113965,-0.5167158826785834,0.5255192801238826,-1.8123900492734084,-0.3231087714473252,0.0769301962539451,-0.8323320322810907,-1.4976495911553576,-0.1389390333876266,-0.4526173697988614,-0.5271952182800023,-0.6887034876207148,-1.5521592016906351,1.885477460613324,-0.9297316980750022,-1.067597970384234,-1.2980506824106324,-0.6976545586724667,-1.4491375110823588,0.6908354389431142,-1.6537545313370328,-1.712265845513781,-0.287183076649892,0.6954621413338866,-1.5289456630545115,-0.9022714823475896,-0.3887413159143194,-0.1143582393199952,0.8729119072866359,-1.221869079118525,-0.6951385169013733,-0.7621375573316485,-1.0883287929935683,0.1767872629111586,0.2973813594596507,0.369244670967405,-1.531118589601763,2.218987388073075,-1.3613343844506094,-1.0052930683201666,-1.075456237007988,0.6472227352659448,-0.2740424440129382,0.2518280580117442,-0.1652902804314022,1,train
GSM1447538,-1.8082966621463152,-1.3781541230021326,-1.136658187113965,-0.3954480173385823,-2.766294835030925,-1.98885928589326,-0.632731390479544,0.7710667061993162,-0.895270347459156,-1.5732596964972012,1.3482368136429013,-0.258592713720377,-1.2815083711474209,-0.2630956914331446,-1.465013791488753,-0.0151458477094627,-0.6792394012584421,-1.0888998441991664,-1.2422452103782995,0.5739797360658633,-0.9040844665074556,1.740645705768884,-1.0393188124740886,-1.3229419643333866,0.1429907003235611,1.0532475919597617,-0.8096944400471057,-1.8263294770496343,-1.7499882292519764,0.0226914685317867,-0.0114235056770761,-1.2184963081596167,-1.7540644198919515,-0.2073208952222902,-1.4227339092299176,2.345188445045032,-0.3342148512855405,-0.7262913665889084,-1.4512383411389551,1.51316409942017,0.287738345864897,-1.1925936742431664,-1.075456237007988,0.6542370580435044,-1.0668564881607816,-1.1737191935094322,-0.928715675213818,1,train
GSM1447540,-0.2837395944722305,0.3014894143635787,-1.136658187113965,-1.2277865476267742,0.1335502344384112,0.3335630133260024,0.8752866892673025,0.7710667061993162,-2.968738175269769,0.190075974510806,1.0418478103506286,-3.1739375460791663,1.014365887087072,1.3086837977432872,1.1315966717488302,1.243197859869764,-0.000540678127085,0.9280002992782512,-1.2980506824106324,-1.5736692950477629,-1.3073539898922983,1.0210484865083114,-0.1507502344261367,-0.9512417979389348,2.058874790720744,0.4532445575030958,-0.4758913330471708,0.7969120830019593,0.5062221243463493,-0.731081924653013,0.569132566955587,-1.1392361906253012,0.5748155151034122,-2.4407230000191933,0.8056338160042332,0.6481788242446095,1.5869481282119209,-0.0812716661763897,0.1863067523486483,-0.2053621686042915,-0.0668550132443964,0.6789604423052683,-1.075456237007988,-0.6597794089523901,1.076977406728792,-2.021504966371762,1.1481620720092114,1,train
GSM1447541,-1.351500537000522,-0.6419699342843953,-1.136658187113965,-1.4721596702058677,0.3295347572811469,-0.9431156614793312,1.57249445730388,0.2325125174485964,-1.0840852929933409,-1.7352813508011529,0.4724399366522041,-0.8518604121142087,-2.1165649037583933,-0.6213980686887283,-0.3643995367168249,1.3349520885474142,-0.9297316980750022,-0.7122439844715064,-0.3225710312854404,0.0976214923226163,-1.4491375110823588,0.8034514493844243,-0.6399355952131756,0.1542457659066299,0.1429907003235611,-1.3879257039035098,-1.5289456630545115,-0.0492948718533926,0.7092810561702002,-0.8619021003297115,0.8729119072866359,-0.5422557308987436,-1.0547380192574232,-1.219772956969623,-1.8501126452270469,0.5144351719593037,0.761014621852824,-0.4453420640896397,-1.1689947965703575,1.7463926643663477,0.2293514875376638,-1.086601858488291,-1.075456237007988,0.8179045895198614,-0.6650561732695272,-0.6291450582722417,-0.5710478721464666,1,train
GSM1447542,1.017313654826948,-1.870134818698614,-1.136658187113965,-1.6724353872067803,0.0573340311106806,-1.7448524401966774,-0.0001211472770248,0.4616117596473164,-0.0386099464244163,-1.7352813508011529,0.2541902356768868,-0.1839678459978813,1.302279780646325,-1.7279783387764147,-2.914209687068212,-0.4214860032819179,-0.9297316980750022,-2.716556657058282,3.348312919001469,1.3369603129088623,0.4730751450517338,0.9332461732828832,-1.344173457602242,-1.712265845513781,-2.966767749074835,0.0368836127482045,-1.5289456630545115,-0.3155679936478774,1.3711027598923775,0.8325306512923141,0.2653532266245462,-0.8154501785702184,-2.545183325075261,-0.0217930305041932,-2.743859054540341,0.6744890509236854,-1.886136969116584,-0.2641380760871547,-0.7988829786926742,1.6236407880788877,-1.3613343844506094,-1.1969495022878878,-1.075456237007988,0.5653889695277663,1.213158050366432,-0.2474906089231858,-1.2458077191096646,1,train
GSM1447543,-1.1883590637341674,-1.0219743941564958,0.7265956726337409,-0.8658203435058608,-0.6830519440729809,-0.3875643610094327,0.3340039811750087,0.5915486432824092,0.0278249418190947,-1.6488698018390455,-1.426052654524114,-0.7249981369859673,-1.4982406009853833,-0.9985063718223642,-1.329454264508045,0.8840455933315242,-0.699549587486811,-1.581747742917364,-0.377260393877127,0.0976214923226163,-1.2411108693362871,0.5858544122605371,-0.1223916627863091,0.2888268606356554,-0.0730437074957061,0.2363569170794451,-1.5289456630545115,-0.8819625154310614,0.7092810561702002,0.1161344511580009,1.2441977676912432,-0.4258951328164485,-1.0935369129326815,0.515354311155821,-0.0746164226986232,-0.8909694364813562,-0.2856305273820648,-0.257488388454036,0.0584983548081525,0.5679746520067134,-1.2189274129207728,-0.1820415678679072,-1.075456237007988,0.8179045895198614,-1.434948722943707,-0.0317728766824147,-1.9010310894347309,1,train
GSM1447544,-1.0921055945070184,0.1478198992428866,-1.136658187113965,-1.3104691830858652,-0.1350211487164458,-1.2132660977862637,-0.1204061935197571,2.226017863744915,-1.571857235623325,-1.0237362523162992,1.4014002023420182,0.2065689617498403,0.0751928911225701,-0.4323490243356419,-1.1858257180642018,-0.3507041697305871,-0.9297316980750022,-0.5873375425566786,0.1863748736494435,-0.2172593806602051,0.2638863432959078,0.2670938403334378,0.8559790587877631,-0.0091741348357594,-0.7258845276162103,1.0532475919597617,0.436083947963972,-1.3716342733073583,0.2956424913438431,-1.5191177448007551,0.8729119072866359,-1.6232288232284706,-0.1055845959334284,-1.219772956969623,-1.1962981578770535,1.755400863655738,1.012264982610802,-0.7262913665889084,-1.677565711783583,1.6359159757076331,-0.1551473355928944,-1.5279924336866793,-0.6224282064949874,0.1538820332443545,-0.538313792062219,-0.4737679504344842,-0.7604014149468293,1,train
GSM1447545,-0.7519556227466692,-0.4644756881372386,-1.136658187113965,-1.229623939525864,0.6706930007481253,-0.5749267603835961,0.4342415197106184,1.492558349541551,-0.3567980953801745,-0.1083139054989719,0.0527289732381315,0.5796933003623141,-0.5123214378009276,-1.0885768589225275,-0.543531768798472,0.1264178193932011,-0.9297316980750022,-0.8836272419825495,-0.4844069001792077,-0.2212963149292198,-0.3811124621178892,0.459877180241443,0.5534876279629296,-1.712265845513781,-1.0613063713355984,1.6975780273789278,-1.5289456630545115,-1.2463956439887662,1.3748631104817055,-0.375998590673397,0.8729119072866359,-0.6164566919946998,-0.599560754433055,-0.0182591664143277,-0.4645057958889874,-0.3976526862486766,1.0108768590707025,-1.0238648881709729,-0.6284717819720124,2.10851069941436,-1.3613343844506094,-1.131612081617074,-1.075456237007988,0.5724032923053259,-0.6151682147092041,0.4645287590323653,-0.8475641568708067,1,train
GSM1447546,-0.4069114067883289,0.2943419950556403,-1.136658187113965,-0.8676577354049522,0.1299208914228087,1.6363852787416877,1.93112209517573,1.6259146248512522,-1.3183556883783518,0.2656860798526497,0.3227430263678521,-1.3854282163300442,-0.7864239637724679,0.9553303483503464,-0.2256124019508635,-0.4162429045003392,-0.9297316980750022,-0.0315522893852735,-1.2980506824106324,0.8767498062416519,-1.4491375110823588,0.1468428461333962,1.1608337039159182,-0.8695318475677426,1.0611369335554448,1.0864931426816362,-1.1964021904206148,0.1763603161080348,1.1342006727645528,-0.198456923683589,0.569132566955587,-0.6383797032275954,-0.2153570756000129,-0.7603706252867157,1.460947877866499,-0.7725734164255128,1.3468027557747384,-0.8975208231417144,0.1836440773998904,0.4544291664408144,0.9841084366457968,0.6775084996236926,-1.075456237007988,0.9862483361812548,0.5093333377045719,-0.7996073222107537,-0.4658514594795975,1,train
GSM1447547,-0.569237172688352,-0.1690490234090845,-1.136658187113965,-1.146941304066773,-0.9733993853214752,-0.1130566596007785,1.1403592911725835,2.155920334415454,-0.9652018087681128,-1.3167254105159445,1.2041360495374047,-1.233690985294306,-0.2605295825479998,0.5673344039188883,0.5893585638260043,-0.4188644538911297,-0.6521591529539488,0.1340213661762432,-0.7701309169847563,0.0855106895155834,-1.189975828907085,0.7710027684098091,0.5180394134131446,-1.4591252149520426,0.5646368033041482,0.6400528901307644,-1.1573535250734523,-1.2317280567712727,0.7055207055808725,-0.2046864558586676,1.2441977676912432,-1.063348844049891,-0.0573225574593284,-1.2233068210594884,0.1443214560928866,1.7115504858572772,0.924813199584545,-0.7296162104054653,-0.3701923119422587,0.3408836808749099,0.1965978840858013,-0.0833094655208986,-1.075456237007988,0.6472227352659448,-0.0299959440286538,-0.5884151368002076,-0.5755562898321895,1,train
GSM1447548,-2.258567128361454,-1.870134818698614,-1.136658187113965,-1.7257197522804164,-0.0696929744355339,-0.7230737738422348,-0.3542937834361827,1.2429427572951848,-1.9127731095044975,-1.7352813508011529,0.715872295432367,-1.7884025020315162,-3.2289112010149936,-1.948700521450434,-2.743146474449701,-0.1619526135937077,-0.9297316980750022,-3.885254915904773,-1.2980506824106324,0.7152724354812321,-1.4491375110823588,1.7101057707339529,0.6172944141525422,1.1203457673542747,-2.2229650730304287,-0.1372597481758935,-1.5289456630545115,-1.5487735958570787,1.6004841458415413,-0.4196053158989623,-0.315202846008125,-1.0228755925430062,-2.545183325075261,-1.6226334632146329,-1.5097092309416138,0.3127234340863871,-0.0899051082280611,-1.4577570062319685,0.0877877792445165,1.3904122231327096,-1.3613343844506094,-1.4873380386026176,-1.075456237007988,1.2317496333957905,-1.9014685516429488,-3.30525175054586,-1.3149367902907505,1,train
GSM1447549,-2.258567128361454,-1.870134818698614,-1.136658187113965,-1.475834454004049,0.322276071249933,-1.3744849065500773,-0.6705989050374406,0.7095176560563773,-0.9652018087681128,0.9124225166159236,0.8963480097004171,-0.9526039835395756,-0.7747374219674792,-0.3195134690673091,-1.0066934859825547,1.1435789830197418,-0.9297316980750022,-0.4595262996670863,-1.2980506824106324,0.7112355012122173,-1.4491375110823588,0.7156491361589962,-1.195290956493143,-1.712265845513781,-0.8177939028726535,-3.12302682729271,-1.5289456630545115,-0.8176507868620536,0.5024617737570216,-0.6937047316025263,0.2653532266245462,-0.984088726515574,-0.2901159195108755,-1.1208247624533032,-3.660099081537693,-0.6497923585898223,-0.1273844438107415,0.3044102165444996,-0.2823240386331689,0.6692449499438748,-1.3613343844506094,-0.5435752955797454,-1.075456237007988,0.6472227352659448,-0.2160645462266169,-3.30525175054586,0.3110991883599883,1,train
GSM1447550,-0.4175156025506421,-1.542544767084734,-0.3869070817587686,-1.200225669140409,-0.9189592400873796,-0.9779737822931291,-0.7017839170262963,-0.6582390137867224,0.501610592187288,-1.7352813508011529,-0.2270783357045834,-0.2349615056082529,-0.5484434761072543,0.2753476600227619,-1.190667129742085,2.147632399692327,2.203114527651036,-1.2302668249709872,-1.2980506824106324,0.0855106895155834,-1.4491375110823588,1.4027976744449553,-0.8857098827583538,-0.4337454455880413,0.7077122225177847,0.138203386376771,-1.5289456630545115,-1.9639791417061057,-1.1107286290657836,0.8823669086929605,-0.315202846008125,-0.4781730826795073,-0.6213259874703959,0.8546052637831958,0.3242703975653627,0.0474286484057,-1.602959766936322,-0.0845965099929467,-1.0971025729538315,2.1023731055999857,-0.2875858191156422,-0.1849454532310539,-1.075456237007988,1.1499158676576118,0.192477384686302,-0.7241815417069863,-1.244304913214424,1,train
GSM1447551,-0.6548864461531879,1.011466398952206,-0.6104975449284936,-0.4579193419076733,-0.4580326771053961,-0.5466045372223863,0.5990765830802882,2.4226328850348584,-1.4215045938090631,-0.0232525369893975,1.309063790390922,-1.8791960910938832,0.5182190668207576,0.8484335065171928,0.6652073467794953,-2.115006909732291,-0.0885514851166874,0.6336471338355552,-1.2980506824106324,0.2469880602760089,-1.4154348707994755,0.4579684343017623,-0.0065941619236772,-1.2540492610792426,0.7361378024940047,1.868555145377132,-1.1258626659225155,0.1176899672380626,0.7055207055808725,-0.4227200819865041,1.2441977676912432,-1.1830822130910927,0.7725952413992403,-1.4300378703168,0.4202431663506829,1.007751922191985,2.436479734752708,-1.2566039553301258,-0.165166340887713,1.8630069468394368,0.2136867206693818,-0.1079924911076507,-1.075456237007988,0.6472227352659448,0.7816946249798509,-1.4633541906438945,0.2705234291884807,1,train
GSM1447552,-0.8767588497954304,-1.870134818698614,-1.136658187113965,-1.4225500889304128,-0.3890751598088773,-1.8777490257992795,-1.3076641499526518,0.030768408646739,-0.5910684907651853,-0.6254330188190838,2.1512837903084927,-0.9128040540875788,-1.3176304094537474,-1.581490074042087,-1.258446893232437,-1.824014927354594,-0.9297316980750022,-2.0484524328626903,-0.4219047715029945,0.8807867405106666,-0.0278158191524946,3.9624259795601513,-0.5832184519335185,0.0629228801976485,-0.9693969960791556,2.1883456808922945,-1.5289456630545115,-1.947055002608998,-0.629403753631472,-2.880270525055945,-0.3084521940007603,-1.6400926780230054,-2.545183325075261,-1.3222550155758082,-2.0105671180400035,2.763959553020333,0.2612901474170684,-1.6971457610242433,-2.62814066849102,0.0033160210843946,-1.3613343844506094,-2.156683614808069,-1.075456237007988,0.2894922736104789,-0.9724738638574664,-0.6578068548636727,-1.1917067068809897,1,train
GSM1447553,0.2334188757821129,-1.870134818698614,-1.136658187113965,-2.434953025329516,1.0227392732619225,-0.0171968273628343,1.3853843853707424,1.6259146248512522,-1.6732578545213153,-1.7352813508011529,0.6864925279933822,-1.6441277577680258,-0.4422021869709974,1.131512180260552,0.8862984800694556,-2.5239686146955367,-0.9297316980750022,0.4235331966609998,1.1841767135875692,1.3450341814468807,0.6799396267880508,2.0536800398769306,1.822533708845244,-1.712265845513781,-0.0209301442059705,0.2506050102459626,0.8769559760770931,-0.7240038838580609,2.025403762435894,-0.8650168664172533,0.2653532266245462,-1.1813958276116383,-0.6799974852232247,-1.4282709382718657,1.015574247722123,-0.0446571449710674,1.3884464619777184,-1.4112091928001376,1.230075332262701,-1.3868489778711075,-1.3613343844506094,0.102539197720529,-1.075456237007988,1.2317496333957905,-3.5841759106506137,-3.30525175054586,0.6732754091130627,1,train
GSM1447554,-2.258567128361454,-1.870134818698614,-1.136658187113965,-3.8626065309231694,-1.0750209897584455,-0.8058618107750041,-0.0558086686856987,1.374589336767583,-1.0840852929933409,-1.1060972599208074,-0.3613858439970843,-0.3543612939642451,-2.50965767356254,-1.9477107358779069,-1.2051913647757304,-1.3704868827479155,-0.9297316980750022,-3.885254915904773,-1.2980506824106324,1.1997045477624972,0.022157061266953,-0.3799710332191728,1.0592154888731993,-1.712265845513781,-1.6307654901925257,-0.5837000007267638,0.5406336003450829,0.3602692942965968,1.3748631104817055,-0.731081924653013,0.569132566955587,-0.7884680108989619,-2.545183325075261,-0.4440897892434831,-2.6043986248991726,-0.0424646260811464,1.520318198287154,-1.4095467708918576,-2.188799301945564,1.0344317818990716,-1.3613343844506094,-1.915661129666844,0.7241489762261694,1.7110616898622633,1.7322624840346617,-0.8795586495447454,-1.644051281348523,1,train
GSM1447555,-2.258567128361454,-0.6324400418738093,-1.136658187113965,-0.4928297879904007,-1.902511197316654,-2.8341687156278503,-0.3186537697346313,0.1795119464921765,-0.961705235702664,-1.7352813508011529,1.1090015644968805,-1.0831975020539415,-1.0212172127635923,-0.4976748721225735,-0.5838768661141591,-0.8278261588543779,-0.9297316980750022,-0.8400552273610987,-0.9397795519630504,2.519782053728953,-1.4491375110823588,-0.6204730216192578,-0.0609480909000162,-1.712265845513781,-1.4232587563661243,0.4358302214106858,-0.2541956846245718,-1.859049479304042,0.5062221243463493,-1.322887481285704,1.2441977676912432,-1.387134856104972,-0.4396336073326018,-1.375262976923837,-2.090044567190348,1.6764701836185087,0.5805585616399126,-2.210834130682665,-1.600348138269533,1.0344317818990716,-0.6507235965167253,-1.6731867018440452,-1.075456237007988,2.223107252624005,-0.6879776677431908,-0.7558603695185696,-0.2930287815268846,1,train
GSM1447556,-1.4567267872573206,-1.0767712755173628,-0.8474366924665602,0.0179651599568774,-1.5686116398808874,-0.1697011059231997,1.4232518999286372,0.5265802014648647,1.4963856293072166,-1.7352813508011529,-2.0108499302143885,2.1157218276503285,-0.9404738330200384,-0.5620109343369722,-1.615097553503107,0.058257535232661,-0.9297316980750022,-1.1779804074252445,-1.2980506824106324,1.8294662937281516,-1.4491375110823588,1.2672767127274456,0.8559790587877631,-1.712265845513781,-1.543593711598787,1.4363629859927791,1.170450783363829,-2.3757998597357104,0.5062221243463493,1.5551563836017035,-0.0114235056770761,-1.8306542372012569,-1.1872220464412322,1.902395966429215,1.0305699928448282,-0.8317714264534345,-1.2892438468738756,-0.1976411997559677,0.2821630505040223,0.0033160210843946,-1.3613343844506094,0.0778561721337745,-0.2986382337663714,1.0797726398820315,-2.07809889141058,0.8673024269224756,-1.82438798877744,1,train
GSM1447558,0.3835090311871598,-0.5228462791520748,0.4440485201705068,-1.4427613998204127,3.066059391048206,2.2115442721693475,2.1204596679652146,0.9847786858623008,-2.8516029775772638,2.0263213899555894,0.8221990728305979,-2.9438442039348063,-0.2042216993057848,-0.3789006034190652,-0.0593906010102346,-2.502996219569217,0.5004439155060361,0.4002947888628926,-1.2980506824106324,-0.4191060941107383,-1.223678469189968,0.127755386736565,0.730728700711856,0.6925701448227304,-1.690459208142586,0.1097072000437367,-1.1674306000017525,0.8725065709690383,1.803543077665392,-0.4943597019999332,-0.3287041500228302,-0.4208359763780877,-1.9045284221935623,-2.703995874714399,2.3322006694957325,0.4596221997112274,2.6113833008052216,2.226169942515815,-0.3622042870959767,0.0831047406712434,-1.3613343844506094,1.104379648006347,-1.0643389847254598,-3.4210844757177763,-0.0016811567376593,-1.979266529289653,-0.6176348548989364,1,train
GSM1447559,-0.6744634229451506,-0.4668581612398844,-1.136658187113965,-1.0403725739194996,-1.0205808445243545,0.3945647247501503,0.4364690205669653,0.7710667061993162,-1.4687083301926118,-1.7352813508011529,-0.1809101297290341,-1.605571576111403,-0.8469814985801327,-1.62899978152349,-1.1858257180642018,-0.7727736216477857,-0.9297316980750022,-1.213806286113994,1.8560745968568668,0.5739797360658633,-0.7344091050832853,0.1945614946254777,1.1655601325225555,-1.0730056455509105,-1.3474572097628732,0.5751449101499647,-1.5289456630545115,-0.6461528440113687,1.1379610233538868,-0.1081287071449141,0.8729119072866359,0.3279191764992906,-1.1370673790073615,-1.1702988597114632,-0.5829721823583679,-0.1082401927788362,0.5180930023354426,-1.308139034486797,-0.0346952683984593,1.2737979406596207,-1.3613343844506094,-1.151939279159105,-1.075456237007988,0.4251025139766014,-0.4749426014585655,-0.4813105284848607,-1.8814946127965972,1,train
GSM1447560,-0.4248569688476273,-0.9433527817691644,-1.136658187113965,-0.5295776259722212,-0.2584188112470579,-0.1392002502111266,0.9777517286592592,-1.4686348406687588,-1.571857235623325,0.0780109969505723,0.3115507340101441,-1.8592961263678849,0.4002912358795119,-0.3729618899838895,0.2149560607364334,-0.2904085337424187,-0.9297316980750022,-0.3520486636008394,-1.2980506824106324,0.2550619288140271,-0.6309768642151269,-0.078389174749224,0.3171661976310282,0.0436970095220721,-1.096364586639602,1.1767310660695776,0.4852096882394341,0.1289727266361348,0.7092810561702002,-0.0240300227813203,0.2721038786319109,1.0648696310204933,-0.2200886479994346,-1.004207247487643,-0.0746164226986232,-0.3954601673587521,1.5425281749287434,1.094060622977348,0.8919156137701395,0.0033160210843946,-1.3613343844506094,-0.3432072055225815,-0.2263760939299417,1.1545920828426524,0.215398879159963,-1.8284149682821211,-0.1111892682027271,1,train
GSM1447561,-0.7633755258753138,-1.870134818698614,-0.2189361367904682,-0.1529122866585802,-1.5178008376623988,-1.4442011481776733,1.0757617663385235,-0.654819622112113,-0.5333750351852965,-1.7352813508011529,1.3664242887241782,0.5436246142964422,-0.8937276658000866,-1.1766677748776286,-0.2724127148370597,-1.577589284620332,-0.9297316980750022,-1.1934726792906496,-1.2980506824106324,1.667988922967726,-0.46478798282022,1.183291891381384,0.7543608437450477,-1.712265845513781,-0.8831727368179574,0.9060172959057516,-0.3499278964434215,-2.1772232943296546,1.1379610233538868,-0.1517354323704819,0.2721038786319109,-0.231960802679289,-1.573318354234043,-0.2656296527051204,-0.6159628216283196,1.1831534333858271,0.4792255432126615,-0.257488388454036,-0.873437877257962,0.7919968262313325,-1.3613343844506094,-1.4249045032949506,0.6477178667837917,2.1412734868858267,-0.985957095900798,-0.4813105284848607,-1.6124923575484624,1,train
GSM1447562,-1.3017423876542842,-1.870134818698614,-1.136658187113965,-0.8823568705976796,-0.2584188112470579,-0.2917045287714903,-0.352066282579834,-0.3539131547466322,0.4369239904765013,-1.7352813508011529,-1.7128551461903965,0.1481128153672194,-1.0669009670921823,-1.042056937013652,-0.6048563167183163,-0.2904085337424187,-0.9297316980750022,-0.6464018290435354,-0.1518062868664992,1.3490711157158954,0.7264260271782339,0.0361355816317702,0.8228940585412997,0.3224721343179106,-0.7855782455662706,-0.8860762001495172,0.0065486291451879,-0.3042852342498062,0.2956424913438431,0.2064626676966734,0.8729119072866359,0.5269126630748093,-0.3289148131861339,0.3793005436958838,0.4442363585470129,-2.169207949306482,0.1419115229685275,0.1132316970923342,0.2502109511188983,0.2273381953090109,-0.5182851129939775,-0.7410395002737613,0.1127001006871509,1.4725747154252855,-1.2178686870460846,0.1371808716460215,-0.556019813194056,1,train
GSM1447563,-1.149205110150243,0.4003620481234043,-1.136658187113965,-0.2723427600994899,-1.4597313494127009,-0.5400686395697981,0.3028189691861512,0.4069014928535925,-0.094555115471584,-0.8171586430787603,0.0667193386852678,-1.4028406854652933,0.4332260355117527,0.6257317526981114,1.1558037301382431,-1.3704868827479155,-0.2916533474003854,0.5252012307777204,-1.2980506824106324,1.038227177002083,-1.123732708351073,0.6431167904510325,0.151741196398695,-0.0091741348357594,1.2260052974175182,1.5139359376771508,-0.9671487358017918,-0.032370732756287,-1.103207927887122,-0.238948882821615,-1.7193384635382905,-0.4005993506246445,0.9817307414536796,0.5860315929531903,0.3902516761052692,0.6788740887035308,0.5805585616399126,-0.8941959793251544,0.8919156137701395,-0.3097012634486347,0.9983491337987804,-0.157358542281155,-1.075456237007988,0.3549592862010229,0.0778699123179918,-0.2746438899045418,0.1848634931597452,1,train
GSM1447564,-1.185096234268841,-1.481791702967251,-1.136658187113965,-0.5112037069813092,-1.7900015638328628,-1.2372310558457502,-0.1872312192101642,0.6582267809372628,-0.0333650868262446,-0.6902416805406648,0.573170567871581,1.0249550111065309,-2.0825676912347912,-2.141708708093637,-1.258446893232437,-1.6745866120795658,-0.9297316980750022,-1.7366704615714132,0.5669681929099593,1.038227177002083,1.1052901903582295,0.8874362707304859,1.4727779919540287,-1.712265845513781,-1.6629811474989078,-0.1594234486571421,-1.5289456630545115,-2.9421943815188936,1.1379610233538868,-0.9023940594677374,0.2721038786319109,-0.567551513090546,-2.545183325075261,0.3793005436958838,-0.6699475040700633,-0.2025185050455264,0.3598469187641206,-1.1967567666320575,-1.3740207676249032,-0.6227185479816639,-1.3613343844506094,-1.1722664767011346,0.9923526875421472,1.795233563192959,-1.474050095869367,0.5837014922283167,-1.1917067068809897,1,train
GSM1447566,-1.351500537000522,-1.1458629954941084,-0.7762437091687375,-0.3752367064485824,-0.4507739910741845,-1.7121729519337427,-1.336621661085161,1.374589336767583,-0.4739332930726799,-0.4755629885879289,-0.6146114585902416,-1.5695028900455312,-1.026529277220406,-1.3201866828943696,-0.7920575682631024,-2.728449467177162,-0.762172661690952,-1.2351081599289255,-0.0245698106327781,1.1997045477624972,0.7380476272757803,0.2670938403334378,0.217911196891629,-0.9368223949322546,-0.4529989598445043,1.960376190228022,0.4486802916243474,-1.3253749597752655,-0.3849809653249917,-0.1081287071449141,0.569132566955587,-1.31462028048847,-0.9061666459155814,-1.5713924339115402,-0.9563662359137524,-1.2943929122271944,1.860408465611488,-1.6023877122523014,-0.5698929330992845,0.6753825437582436,-0.4029354660548095,-1.3000374326796165,0.3795141554678133,1.4725747154252855,-0.95224901579247,-1.9098748112261892,-1.089515906004603,1,train
GSM1447568,-0.4436182382732585,-0.8957033197162364,-0.3768955684825124,-1.0403725739194996,0.0028938858765918,-0.6642506949689537,-0.1204061935197571,-0.9933393978982809,-1.1452753216386804,-0.3864510787207553,-0.3921646479807839,-0.7685293098240885,0.0071984660753663,-0.7471008363999415,-0.178812089064666,-0.1593310642029122,-0.4625974148224978,-0.3617313335167172,-0.622804470819395,0.7193093697502412,0.3440753839689752,-0.1222903313619373,0.0902976245124022,0.3961713052409475,-0.7258845276162103,0.2363569170794451,-0.0413174767642369,-0.2049969515467778,0.5062221243463493,-0.238948882821615,-0.3084521940007603,0.476321098691203,-0.0809804194564362,-0.6225499257818409,-0.4705040939380696,-0.9282422576100492,1.3051590495717598,0.1132316970923342,-0.5698929330992845,0.2273381953090109,1.2276243579618165,-0.9806100427334132,0.1557794532819451,0.3549592862010229,-0.6353930627742004,-0.4888531065352372,-0.5710478721464666,1,train
GSM1447569,-0.7201430354597297,0.5039996280885239,-0.5126071928939867,-0.5314150178713108,0.6706930007481253,0.7104664446251892,1.3853843853707424,-1.3746015696170426,-0.6522585194105247,0.4763142304477865,-0.0689872061519478,-1.25234720222493,1.5455723327683537,0.4059993555966215,0.8394981671832606,0.7215095311025431,-0.9297316980750022,0.2327845993182001,-0.8471424683893767,0.7152724354812321,0.5242101854809355,-0.4639558545652344,-0.3350809500850205,0.1141918686658466,-0.0616734755052185,-0.0343568530843815,-0.0476156485944246,0.4979189589530693,0.912339987994051,0.3435123755484578,0.2653532266245462,1.4712885315687996,1.3564712754878792,-0.6932272075792135,0.4427367840347416,-0.5862093107820552,0.3584587952240212,1.0923982010690696,1.4590653778560865,-0.6257873448888484,-0.5809441804671055,0.8677129909098416,-0.3570038082496409,1.152253975250129,0.0657350034789938,-1.2883663798751572,0.004526785730827,1,train
GSM1447571,-2.258567128361454,1.0686457534157194,-0.7784684898967938,-0.7978368432394973,-0.5741716536047944,0.0699484746716598,1.1403592911725835,-0.1231042167106095,-0.0997999750697557,0.6072817343434818,0.7872231592127592,0.3682561751485796,-3.2289112010149936,0.2753476600227619,0.8120635010085944,-0.4188644538911297,-0.4253620734038189,0.4506446724254585,-0.8482585778300229,0.4044284967674196,-1.4491375110823588,1.484873749851331,0.581846199602759,0.5692041413211228,-0.287183076649892,0.5909761247794277,-0.1672809133679856,0.1086637597196057,-0.3887413159143194,0.3403976094609161,0.5623819149482385,0.3228600200609298,1.10191268039899,-0.0200260984592605,0.6556763647771708,1.5514966068928957,0.9026032229429556,-0.3888197192081316,1.4191252536246826,0.5618370581923446,1.0410712252577323,-0.0586264399341465,-0.8142008083685894,0.1492058180593161,-1.6520287588413307,-0.0257388142421147,-3.680353269400048,1,train
GSM1447573,-1.0195076389034907,-1.854648743531412,-0.2022502813300402,-0.8474464245149522,-0.5088434793238824,-1.5422396129664775,-0.4745788296789133,-0.9574357853148978,-1.95822855935532,-1.4827976061774952,1.6672171458375968,-1.9824271581100017,-1.403685853654115,-1.042056937013652,-1.313316225581771,-0.2248697989726667,-0.9212691204798484,-1.6582408352528009,-1.2667996180725256,1.1997045477624972,-0.9308141467318112,0.7480978171336113,-1.013323455137579,-0.3119815979760656,-0.9220210294521232,0.1334540219879316,0.7673677862318307,-2.265228817634611,0.912339987994051,0.4774473173126956,0.569132566955587,0.1322984608826785,-1.5695330963145055,-1.2710139862727157,-0.298053025026947,0.1175892528832352,-0.1426538027518337,-0.614909098734169,-0.7349787799224263,1.0344317818990716,-0.8401248686514078,-1.2782582924560124,-0.615479923818408,1.2340877409883075,-0.958990631814136,-1.033427241772427,1.08354141851385,1,train
GSM1447574,-0.8457619698748224,1.0281437106707312,-0.9875978783341484,-0.2117088274294902,0.1988784087193186,0.3640638690380772,1.5323994418896365,-0.84801525172745,-1.571857235623325,0.2616355384950505,1.275486913317797,-1.876708595503134,0.9314976815607924,0.3179084396415204,0.6184070338932992,-0.2904085337424187,-0.547223190774038,0.3431670363592116,-1.2891218068854595,-0.3746998171516159,-1.0807327879901534,0.3892535804731654,-0.4697841653742064,0.5996451032241171,0.6518085818978869,0.2363569170794451,-0.7378952811829684,0.178616867987649,-0.3849809653249917,-0.1517354323704819,-0.6122315343318012,1.749542135678637,1.1274631713558685,-1.5713924339115402,0.5776984901390971,1.1831534333858271,0.7013253096285542,0.1764037296069642,0.5484305453800539,-0.2053621686042915,0.021437309104103,-0.2052726507730859,-0.5668419450823492,0.1538820332443545,0.1749491830299719,-1.6700208292242122,0.0961979453405273,1,train
GSM1447575,-1.8140066137106376,-1.870134818698614,-1.136658187113965,-1.740418887473144,-0.2003493229973577,-0.7797182201646576,0.1357564049601362,0.887326023135979,0.0260766552863719,-0.4094041464138154,-0.1249486679404916,0.0871691733938492,-1.8403375520041276,-1.864568747785448,-1.3843235968573802,-0.4791600898792981,-0.8383358600473384,-1.066629703392647,-1.2154585838027787,0.4084654310364288,-1.4491375110823588,0.3873448345334829,1.0214040600200964,0.1270091157828981,-1.8771205166530929,0.6701321979267456,0.021664241537638,-1.0929501161749953,1.3748631104817055,0.567775533851373,1.2441977676912432,0.6044863951296737,-2.4268940150897182,-0.2090878272672246,-0.176587489533027,0.1153967339933125,0.903991346483055,-1.4577570062319685,-0.0985994671687072,0.7889280293241481,-1.3613343844506094,-1.3014893753611911,-1.075456237007988,1.313583399133969,-0.8700013003281541,0.0164996228399958,-1.19320951277623,1,train
GSM1447576,-0.7674540627069724,-0.7825358473405327,-1.0409926158075151,-0.7941620594413146,-0.2584188112470579,-0.9169720708689848,-0.5703613665018291,2.3576644432173115,-0.7711420036357529,0.0078016134188603,0.8208000362858844,-0.9501164879488262,-0.2020968735230583,-0.2096472705165642,0.2617563736226296,-1.215815468691304,-0.5116803648743911,0.0187975941772932,-1.2143424743621325,0.4125023653054379,-0.647247104351691,0.9943260433527452,1.092300489119668,0.0100517358398169,-0.7258845276162103,1.6595831122682154,-1.0565827757904531,-0.8153942349824395,1.6042444964308689,-1.2014116038716234,-0.3084521940007603,-1.257283174187049,-0.3800157950998878,-1.4265040062269294,-1.2772751815396677,0.911281091035372,1.5425281749287434,-1.8783497490267296,-0.9000646267455639,0.2273381953090109,-0.5282536010010662,-1.0023891829570175,-0.7891869907329014,0.7360708237816829,0.0023638128753391,-0.6004832616808107,-0.0105012732215822,1,train
GSM1447577,-0.3139207670265064,-0.3334396674916859,-1.136658187113965,-0.7206663834776771,0.7360211750290395,-1.7404951750949524,-0.3832512945686914,1.0582956068663696,-1.2641588058639086,-0.1299167927394983,1.1565688070171432,-2.019739591971249,-0.0661080234286509,-0.0344552241788913,-0.1126461294669412,0.1264178193932011,0.0807000667863946,-0.4072398821213446,-1.206529708277606,0.0935845580536072,-1.1597596686534652,-0.4849520599017498,-0.932974168824732,-0.1645832561299902,0.5523190519811189,1.4347798645298322,-0.1395689573151612,-0.1745335011719846,0.912339987994051,-0.5504254915756632,-0.0181741576844327,-0.0903044224051915,0.0921951303623987,-1.7675218908992436,-0.7719185709044656,1.4374856246168992,1.884006565793176,-0.6165715206424475,-1.3021285440083774,0.5649058550995291,-0.2548322156637804,-0.784597780720972,-0.6863524071195216,1.075096424696991,-0.0475241456849839,-0.3455441235780812,0.5260004313794481,1,train
GSM1447578,-2.1264225350157067,-1.853457506980089,-1.0643528134521136,-1.6081266707385964,-0.5669129675735827,-1.0825481447345215,4.621943129642776,4.269104389323044,-0.8270871726829189,-0.6159817556513536,-0.4425299635904737,-0.871760376840207,-1.7702183011741983,-2.3733185320654786,-1.9588377826327557,-0.715099535050403,-0.9297316980750022,-1.8209096898395536,-1.2980506824106324,-0.0638558784378034,-1.4491375110823588,0.3396261860414014,2.50550264250444,-0.8679296916781105,-2.6559814080015034,-0.0406893389361664,-1.5289456630545115,-1.681910156754321,3.661156268794684,-1.322887481285704,5.281087668090475,-0.279179596103987,-2.517740205158615,-0.9441315579598768,-0.962364533962836,-0.141127976127682,0.3598469187641206,-2.2856431165552538,-1.9651346062496984,-1.6845222778682067,-1.193294158045402,-1.5279924336866793,-1.075456237007988,0.7360708237816829,-1.6385455267980016,-0.3364930299176297,-2.326325157787928,1,train
GSM1447580,-1.351500537000522,-1.870134818698614,-1.136658187113965,-0.2539688411085796,-0.966140699290259,-1.317840460227658,0.3696439948765583,0.7710667061993162,-0.7711420036357529,-1.2775701773924892,-0.1809101297290341,-1.7510900681702677,-1.9773888149898973,-2.141708708093637,-1.1341839935001226,-0.7727736216477857,-0.9297316980750022,-1.2418860288700415,-1.2980506824106324,1.3490711157158954,-0.9389492668000928,1.0764021187591244,1.9666897813477036,-0.5122510841799727,-2.4124689395385577,0.9471784539423564,-1.5289456630545115,-1.1031045996332594,1.818584480022709,0.1161344511580009,0.569132566955587,-0.6586163289810386,-1.7881317411677884,-1.004207247487643,-1.3402573110550338,0.0189259028366996,1.0969405185568613,-1.786916544071348,-0.3622042870959767,1.1510460643721605,-1.3613343844506094,-1.3000374326796165,-0.8447732521455397,1.881743544116178,-1.2057337782070865,-0.4586827943337311,-1.277366642909725,1,train
GSM1447581,-0.5896298568466461,-1.870134818698614,-1.136658187113965,-0.2117088274294902,-0.5088434793238824,-0.7492173644525829,0.2694064563409486,2.2944056972370674,0.0278249418190947,-0.9548770492371196,1.2572994382365188,-1.80457122337139,-1.5407371166398858,-2.0654952190088856,-0.6048563167183163,-2.5213470653047487,-0.6877019788535959,-2.034896694980461,-0.6786099428517289,2.334083077354473,-0.5019771031323677,2.6053076164453817,1.5436744210535986,0.1350198952310535,-1.3086089171287063,1.2558871392168949,-1.342519776880964,-0.966583210916595,0.912339987994051,-2.4410885067127377,0.2721038786319109,-0.8525506591181965,-1.832608521722352,-0.6914602755342808,-0.8528955945670804,1.0801050455594463,0.8859457404617639,-2.1709360048839543,-1.624312212808375,-2.727913226311632,-1.3613343844506094,-1.4858860959210445,-0.1402173887403521,2.311955341139741,-2.140121758809901,-1.134497787647474,-1.5163127802530398,1,train
GSM1447582,-0.7796896732019492,-1.870134818698614,-1.136658187113965,-1.7091832251885974,0.7396505180446442,-1.6882079938742562,-0.632731390479544,0.2889324800796243,-1.1452753216386804,-1.7352813508011529,-0.6341979702162318,-0.6802232163524708,-3.2289112010149936,-0.3729618899838895,-1.313316225581771,1.62070097214353,-0.9297316980750022,-0.1274107215524659,-1.2980506824106324,-0.0638558784378034,-1.4491375110823588,-1.7924430285847552,1.0592154888731993,-1.712265845513781,-2.3044517356289247,0.1081240785807898,-1.5289456630545115,-0.821035614681475,1.1379610233538868,-1.2014116038716234,1.2441977676912432,1.0648696310204933,-0.8758845825592831,0.4482108934483204,-1.0343441105518247,0.3149159529763081,0.6013804147414026,0.4390663911151521,-1.2728391195720117,0.5679746520067134,-1.3613343844506094,-1.7951498870962317,-1.075456237007988,0.8179045895198614,-0.731124010281848,0.8446746927713469,-0.2449389928791731,1,train
GSM1447586,-0.5145847791441226,0.3372265109032755,-1.136658187113965,-1.3931518185449578,0.0028938858765918,-0.8341840339362154,0.6369440976381848,-0.3539131547466322,0.1641912913715657,0.3358954633843624,0.1422673120998006,0.1481128153672194,0.6828930649819529,0.1882465296401901,0.1665419439576099,0.1290393687839892,-0.3695090612758021,0.397389987888129,0.0256551141963214,0.0976214923226163,0.2801565834324714,-0.5212182327557299,0.4849544131666777,0.0773422832043289,-0.2976057893078385,0.6242216755013014,0.1514065812394998,-0.0921693575660641,0.5062221243463493,-0.238948882821615,1.2441977676912432,1.0648696310204933,0.4934324698333591,-0.1454782736495912,-0.2800581308797005,0.0189259028366996,1.139972348299939,-0.257488388454036,0.0584983548081525,-0.2053621686042915,0.4828358968607728,-0.5856816333453804,0.2308209061890067,0.1538820332443545,-0.1270752147406351,0.1281297779855685,0.2960711294075777,1,train
GSM1447588,-1.1353380849226025,-1.441289660222262,-1.136658187113965,-1.1800143582504108,-1.401661861163003,-2.213258438632081,-1.223019117411469,0.8890357189732844,-2.440755642387131,-1.0574907636296218,2.5430140228282943,-1.46005308405254,-2.012448440404861,-0.7471008363999415,-0.7484848631621607,-1.3206774443229048,0.5038289465440983,-0.150649129350574,-1.2980506824106324,-0.5361771879120414,-1.3747592704580645,1.320721599038576,-0.0018677333170396,-0.4129174190228344,-1.1835363652333415,1.4616929293999203,-1.2631628118206015,-1.341170822932566,0.0888232089306644,-0.1517354323704819,0.8729119072866359,0.1812036397868323,-2.355920429098393,-2.0219601053697738,-0.4465109017417396,2.6696812407536394,2.4989452940571777,-1.1385719998422694,-1.3260926185472173,2.973911427240968,-0.8600618446655852,-1.6093012238548037,-1.075456237007988,0.497583849344705,-0.8902261483931491,-1.2144491149814656,0.076661468702395,1,train
GSM1447590,-0.7519556227466692,0.7660716693796269,-0.9152925046722974,-0.8492838164140418,-0.2003493229973577,-0.5422472721206614,0.2025814306505415,-0.535140913500842,1.7516354630849176,0.6585885915397328,0.6277329931154114,1.9229409193672184,0.4427877515340149,0.0823394733795622,0.0455066520105499,-0.3533257191213777,-0.9297316980750022,0.2589278080910719,0.6439797443145796,-1.1255695911875934,0.5683722658516099,1.1813831454416996,-0.8313559537820149,0.2247406250504043,0.8905834536981294,-0.4285540973580218,0.5456721378092333,0.054506514608863,-0.3887413159143194,-0.1112434732324559,0.2653532266245462,0.5522084452666133,0.9921402007324064,1.8105155000926327,0.0873376246266034,0.6788740887035308,0.9692331528677238,0.4374039692068736,1.5735604006527804,-0.4140403582929805,1.7673467800598983,-0.2531867592650156,0.5990798880477342,0.0814006978762528,-0.144603416396964,1.343993359706277,-0.0300377498597145,1,train
GSM1447591,-0.8726803129637717,-1.130376920326907,-1.136658187113965,-2.021539848034056,-0.5669129675735827,-0.5400686395697981,-0.4745788296789133,1.060005302703671,0.3687408157002658,-0.1447687777173606,0.4178775114083751,-0.152874151113508,-1.3240048868019223,-0.7471008363999415,-1.2051913647757304,-0.5971298124648519,-0.9297316980750022,-0.3200958528784423,-0.0468919994457119,-0.6895806901344486,-0.7611387853076409,1.29399915588301,0.3171661976310282,0.819140460103599,-1.1228951279507409,0.8648561378691468,-0.4129096147452958,-0.4893224883781764,-0.629403753631472,0.5241688086258052,0.2721038786319109,0.7596338592393994,-0.924146621033384,0.3086232618985128,-0.0836138697722479,0.911281091035372,0.2807238769784589,-0.5583867538526577,0.2182588517337744,1.0344317818990716,0.0954889342996175,-0.6089127162505591,-1.075456237007988,-3.7156860323752174,-0.4911224799105633,0.2548450892318957,-0.5259636952892374,1,train
GSM1447592,-0.5455816590647306,-1.870134818698614,-1.136658187113965,-1.0752830200022268,-0.5669129675735827,-0.6925729181301634,-0.663916402468398,0.7129370477309868,0.3687408157002658,0.0253539593017881,0.0401376443357114,-0.4264986660959892,-0.9287872912150504,-0.6867239164756562,-0.8679063512165921,-0.3507041697305871,-0.9297316980750022,-0.7025613145556285,-1.2980506824106324,-1.1174957226495696,-0.2323559808693029,1.3798927231687557,0.286444411687881,0.1157940245554786,-1.2602854311691338,0.8648561378691468,-0.7593090654056063,-0.2602824725973287,0.2956424913438431,0.7982682243293667,0.2721038786319109,-0.1594462270627853,-0.9686234015879494,0.241479844191009,-0.1840853620943804,0.911281091035372,0.3598469187641206,-0.5583867538526577,-0.7908949538463922,2.347876858174909,-0.2121101242048292,-0.5188922699929944,-1.075456237007988,-4.059387848475566,-0.0906704882236424,0.2654046985024229,0.1487961516739618,1,train
GSM1447593,-0.6826204966084687,-0.0928098841243999,-1.136658187113965,-0.4340332472194924,-0.8536310658064701,-0.1697011059231997,1.5323994418896365,0.4069014928535925,-1.369055997827346,-0.2892380861383852,0.8837566807979956,-0.127999195206011,0.163373161105661,-0.3185236834947799,0.0035477508022355,-0.8278261588543779,-0.9297316980750022,-0.7296727903200863,-1.2980506824106324,0.2550619288140271,-1.4491375110823588,-0.6987316051462686,0.7898090582948327,-1.712265845513781,-0.9409714161029372,1.2321403172727006,-0.0513945516925365,0.1481534176128558,1.6042444964308689,0.9353179321811464,0.8729119072866359,-0.5928472952823484,0.2578001643421579,-1.0625160049704732,-0.702938143340018,0.3499962552150766,1.6605186758371848,-0.8941959793251544,-0.189130415426557,1.51316409942017,-1.3613343844506094,-0.7831458380393974,-1.075456237007988,-0.4329829724780083,-0.0556140849109821,-0.6291450582722417,-0.2133800690791138,1,train
GSM1447595,-0.2600840808486092,0.5337805418716028,-1.136658187113965,-0.8676577354049522,-0.915329897071775,-0.389742993560296,0.7750491507316928,0.8291963646676496,0.5033588787200108,0.3142925761438347,0.4038871459612402,-0.4986360382277343,0.064568762208943,-0.4323490243356419,-0.0900528749701568,-0.4791600898792981,-0.9297316980750022,0.1214338952856017,-1.2980506824106324,0.7152724354812321,-1.4491375110823588,4.706836896036608,0.0879344102090843,-1.712265845513781,-0.3231888112864362,0.6226385540383544,-1.5289456630545115,-0.0504231477932008,-1.10696827847645,-0.1548501984580212,0.2653532266245462,-0.4984097084329505,0.7158163726061793,0.2397129121460762,-0.0761159972108945,1.4374856246168992,0.862347640280075,-1.0820496549607612,1.0064106365668313,0.224269398401821,0.5113172911667399,-0.5639024931217762,-1.075456237007988,-0.3067251624819607,-0.443931167758905,0.1356723560359457,-0.4207672826223683,1,train
GSM1447694,0.4583191610062532,0.511224128330692,-0.0510648079835613,0.0928828887217567,1.3468780631694135,-0.1329805019033426,-1.7731082010757198,-1.349069460037086,0.4886407722940182,0.7346010657692391,-0.8201751223411112,0.7654432499296101,0.5346173524006632,0.5922245279947852,0.240053010984357,1.3038473982115324,-0.0542825769889484,0.794216569891543,0.2259616522257821,-1.316962227128203,-0.0758006804484879,-0.7870850437680752,-1.20817550024024,0.5760976537242826,0.4249706073283052,-1.599546150480245,0.2470347672638498,-0.022034698276984,-1.4754366286766456,-0.4070560386613926,-1.2121661691783965,0.8761430241510813,0.7664628856167107,0.5000905763222707,0.3979954451533213,-0.0647284576489726,-0.6248087614260582,1.3885332134795332,0.4485578862344485,-0.5208088222929749,-0.2384343947630252,0.4384094262065757,-0.0866869643425304,-1.5146434647706253,0.9568774004451064,0.8441406145724585,0.5212735459494998,0,train
GSM1447696,1.2185584264274665,1.2140536936113788,1.1225070260664858,-0.1790511123437003,2.181626956758836,1.1262691124950943,-1.6951456711035813,-1.2841010182195391,0.8977398209514248,1.5622616831719265,-0.4494304379920136,1.3189110188714464,1.0424507144719686,1.3890019138808232,1.2938669528700877,0.9446951316732952,0.258832794031752,1.517512012607641,1.2092540694355012,-1.4582549265435776,0.9050623677843872,-0.8443474219585724,-1.4019590731124023,-0.2954751502351193,1.5932619443509195,-0.6037627502869903,0.7974949852222323,0.7327819054539905,-2.2162256947747605,0.723604051115801,-1.2121661691783965,0.5169429170274745,1.4317219649754036,0.3605029447724631,1.4297027095955128,0.288267083628633,-0.4443527012131468,1.8872597859634408,1.476350416455935,-0.3151994295114758,0.9876896301088663,1.5883480300129065,1.2585005618433105,-2.339995444929968,1.9869963285555683,0.192461871019921,1.5446843606086058,0,train
GSM1447697,0.675297320450505,1.2069062743034402,0.2848770819530397,0.203126402667213,1.746105794886099,0.4705007146855287,-1.2630105049722833,-1.4721675603229665,-0.1757081101410827,1.1423555624341846,-0.8117809030728296,0.9681741405757214,1.054137256276955,0.8357117788369776,0.3336536367567481,0.6353523035600691,0.6261086616614396,1.115681211098697,0.294044328105229,-0.4328736222148919,0.1705772416194851,-0.1991912943456441,-0.9387690696618732,0.2172147344468822,1.0740213501186464,-0.4549493327700341,0.4410184596336228,0.1212563460785229,-1.6784955605004963,0.4962261267253465,-1.2121661691783965,0.7968829066167659,1.3474999762656974,0.2315169054922619,0.6799154534601995,-0.0954237221078957,-0.7039318032117212,1.6312468120883696,1.2500230458113073,0.1082945436802653,0.7114201053409843,0.7868756697842523,0.2009719384678714,-1.2340705536683014,1.0081136822097632,0.8335810053019328,0.8834497667025742,0,train
GSM1447698,2.120730773590407,1.1997588549955007,2.134782257332404,0.4089142953653981,2.5735960024443054,2.241728978536618,-0.3809201658589134,-0.7028044335362226,0.4886407722940182,2.5330414285431013,-0.4704159861627181,0.5850998196002489,0.4804342949411736,1.3890019138808232,1.2164043660239694,0.5593273712271573,3.0599459780277507,1.482654400910479,0.4737379480493431,-0.860788654730013,0.2379825221852513,-0.8443474219585724,0.2593805821208694,1.5389933433926664,1.2853181612752107,-0.9979599945606322,0.4410184596336228,2.3958606407297114,0.3671351600953231,0.5398328519509118,0.1987201003591337,0.4916471348356721,1.0550888019814362,0.1696742839195629,1.356223558494253,-1.4679405471997116,0.9382183447257793,1.711043063685794,0.757428180290646,-1.5948877398082633,0.8637955648779095,1.6885320750414885,0.4483308017541104,-0.7290393136841111,1.602724215320644,0.9195663950762252,1.453013200998907,0,train
GSM1447699,1.623964987494358,1.0270295550536368,1.9212033074389352,0.4089142953653981,2.671588263865671,1.8844332401951929,-0.4432901898366265,-1.0874859969295965,1.5481024111247368,2.426377172793,-1.8862409694128544,2.1932657190200078,0.6111110805787676,0.8357117788369776,0.0060514465533747,1.3038473982115324,0.7581248721458429,0.6944850697579982,1.0585792949482002,-1.86194835344463,0.7237654062626706,-0.8443474219585724,-1.2318076432734315,0.6113450832961705,0.7442846223945019,-2.1710529986038773,0.7471096105807328,1.1479874513030175,-0.7835321202398277,0.3124549275604598,-0.8273790047590679,1.4781826403160014,0.824188068889656,1.466602404901309,0.7608924771228144,-1.3276193382446375,-0.7636211154359911,1.6312468120883696,1.9369931825914743,-1.6900204439310478,0.3340416307869178,0.821722294142018,0.5900757683563377,-1.5146434647706253,0.4364246435725445,1.9860869313994776,0.6475092411497417,0,train
GSM1447700,0.99016036385457,1.275997994280185,1.140305271890942,0.5963282690726712,2.00741849200974,0.4051417381596576,-2.020360796130227,-1.4106185101800277,1.2404039813653187,1.296276134022938,-1.0999824312838262,1.8064601546584105,0.9670193991852258,1.0366382500604132,0.8710503330016934,1.031206261569367,0.3417660544642619,1.1302052159725149,1.5876151698147234,-1.5914737574209226,1.6116556537151774,-1.1211155832126374,-1.0852883564676523,0.1130746016208509,1.092971736769459,-1.0802823106338415,1.7132491693314875,0.1573611761523517,-2.039489217076235,0.3124549275604598,-1.2121661691783965,0.5911438781234323,1.108082412854959,1.256337491554132,0.8703614165185701,-0.4462267444955805,-0.2361341701982483,1.6312468120883696,1.361855393659241,0.3445919055336302,0.8438585888637321,1.083071976825278,1.9269253553302823,-1.4257953762548872,1.3573293921320273,1.2695420166136993,0.8624104841692026,0,train
GSM1447701,0.3775641317394075,1.0341769743615763,-0.2412835602324318,0.0285741722535743,2.09089338136868,0.6622203791614153,-1.746378190799558,-0.988323638365968,2.2579067434106634,0.3552003586074858,-1.91981784648598,1.951978646717276,0.235016917036421,0.8357117788369776,0.0060514465533747,1.59746092998002,0.1742070180802109,0.3749569625340192,0.6869148512128583,-1.316962227128203,0.1252530012390563,-0.1552901377329274,-1.305067286676321,0.0922465750556441,0.4808742479482028,-1.3937403602972187,0.6790893548147086,0.1945942821659876,-1.6784955605004963,0.5834395771764795,-1.2121661691783965,0.4663513526438697,0.6396567453122097,1.466602404901309,0.3665043803956393,-1.656497171733092,-1.4979384681485322,0.9629532049599332,0.757428180290646,-1.1744625635237065,0.7441737087928475,0.592315350453382,0.2218167864976108,-1.6081677684714015,0.4795709861112017,1.3826806873693491,0.0929738658058208,0,train
GSM1447702,1.0219729511415088,1.0198821357456973,0.6608650249946666,0.2692725110344868,1.6662602485427616,0.8931554295528232,-0.9199753730948604,-0.6309972083694606,1.3890083366468575,1.7499367660740024,0.3704049772101397,1.2330924209905756,0.6546700091246332,1.0366382500604132,0.170659443601375,0.711377235892981,-0.0779777942553802,1.2328415170808231,0.6712893190438051,-0.5741663216302607,0.7795490867308905,-0.8061725031649065,0.1081348667084526,0.3293656467210696,0.984007013527286,-0.9061389497097424,0.4170854066789103,0.7677584595880133,-1.031715259135642,0.1349132605706493,-0.8273790047590679,0.5405523137398259,0.951940523674042,1.120283724094195,1.1057946149450582,-0.3870287344676588,-0.2180885641769572,1.3885332134795332,1.1781308221947773,-1.1744625635237065,0.7299330116398626,2.097979911245257,0.7429379872410923,-1.5614056166210155,0.8665397457547909,0.8984471765351706,0.6475092411497417,0,train
GSM1447703,1.1842987170415318,1.041324393669515,0.9812334498348684,0.3115325247135762,2.4719743980073305,0.4356425938717307,-1.2630105049722833,-0.9199358048738154,0.9624264226622132,1.6918790066150873,-1.8540631288844427,0.7306183116591122,0.666356550929622,0.7060498688356491,0.4062748119249846,1.031206261569367,-0.0542825769889484,0.9849651672343428,0.2594449354451822,-0.860788654730013,0.1357124413268472,-0.5122256284536909,-0.5771972812540631,0.3902475705270581,0.4808742479482028,-1.2892543437427595,1.4915535209088893,0.5770798257606063,-0.7835321202398277,0.2252414771093242,-0.4560931443544606,0.9233618175757824,0.80526177929197,1.120283724094195,0.7264022633405899,-0.632590850139038,-0.4610101836943386,1.3885332134795332,0.5497395342873403,-1.3892783470267642,0.5405317395051807,0.821722294142018,0.270454765233669,-1.4257953762548872,0.9164277043151152,1.169979986348728,1.1013566215125177,0,train
GSM1447704,0.8743299178354575,1.6548112176009635,0.7353951793845751,0.1608663889881201,0.7335190935319669,2.004258030492622,-0.8219653354155976,-0.6309972083694606,1.0323578839711698,0.7035469153609819,-0.3347094413255004,0.9681741405757214,0.941521489792524,1.211830296398088,0.8952573913911052,-0.4788061875256981,0.6396487858136859,1.3432239541218338,1.3130522474156423,0.1928511894817531,1.4896288526909451,-0.748910124974411,0.0183327231823287,-0.0615603903489554,1.0200127481638288,0.0706469929281555,1.3920424059919276,0.4608674039604712,-1.8740337911456857,0.770325542428908,-1.6239559416271436,-0.1913389843430174,1.0238604241452527,0.7757319753320138,1.158279722874529,0.389122952565093,0.0081755728592323,0.5124368678161402,0.9438154267038698,0.4550685941923421,0.6259759224230825,1.001763186657152,2.01030474744924,-1.5614056166210155,1.3424978368843632,0.6510506164828177,1.296721387893844,0,train
GSM1447705,1.1255677866656444,1.1497269198399258,1.2370832335614192,0.6679865531372191,0.6645615762354569,1.7319289616348277,-1.0937204398899196,-0.77632135454029,1.469429517152158,1.028940404421418,-0.9810643249831724,1.2330924209905756,0.676980679843247,1.2929927133454862,1.321301619044754,0.2578491912863028,1.4317460487201077,1.3945421046759876,-0.1791860747289603,-1.316962227128203,0.6098737253067202,-0.884431086691919,-0.1589083495665959,0.8853137404231153,1.246469868641044,-0.1525731333472799,0.4120468692147599,0.920075711461976,-1.2610966450848051,1.003932998994446,-0.8273790047590679,0.1206423293558912,1.2528685282772625,1.256337491554132,1.4896856900863389,-0.5383125378723479,-0.1459061400917926,0.8316218742058393,2.402961298624532,0.2218400292461698,0.9293027717816346,1.5883480300129065,0.6539999689808712,-1.283170813111205,1.5393530247169906,1.243897251242419,1.3418055647510745,0,train
GSM1447706,0.2617336857202964,1.1270934253647853,-0.0243674392468776,-0.2396850450137017,1.114600110170617,0.276602417658777,-1.2630105049722833,-0.2736707783729519,0.8977398209514248,1.000586614918226,-0.6578868831543357,1.0117053134138438,0.8416546780044444,0.7684063599049892,0.0060514465533747,0.118907073574432,-0.8328397157431229,0.9539806235035324,0.6612443340779839,-0.4328736222148919,1.010818928672054,-0.7679975843712422,-0.0123890627608185,0.6033343038480143,0.7442846223945019,-0.624343329305292,0.6790893548147086,-0.296205751650118,-0.7835321202398277,0.5834395771764795,-1.2121661691783965,0.0464413682599334,1.0446793427027083,0.9100188107470182,0.7488958810246487,-0.3870287344676588,-1.2522406015509526,1.2372528198260833,0.8319830788559359,0.2218400292461698,0.2870473301820717,0.5298818151457162,1.251552279166731,-1.2340705536683014,0.8153034639901341,0.7596637404082404,0.6475092411497417,0,train
GSM1447707,1.0325771469038223,0.3099051511570702,0.3215859639659796,0.4787351875308511,2.4719743980073305,1.1611272333088924,-1.2630105049722833,-1.18664835549322,0.6896937235572742,1.4636985101370208,-1.6218230624619885,0.3152065480038936,0.5123066816820495,0.8357117788369776,0.7742220994440452,0.4046559571705478,0.0963513042047942,0.9849651672343428,0.9525488980867668,-0.2794701199924903,0.3681444432777654,-0.1323851864567296,-0.8395140689224742,1.1528737739915342,0.9660041462090132,-0.624343329305292,1.006594289984455,0.5127680971915997,-0.7835321202398277,1.7577063921792433,-0.8273790047590679,2.039749004974032,0.824188068889656,1.0496064422968256,0.9198473754235,-2.112541100837082,-0.6414662439072499,1.4699918869852393,1.0955878987832095,-1.1744625635237065,0.4137895348436262,1.1222744292277649,1.3432696104975834,-0.9862311488612469,0.738449041343149,0.6902720223447768,1.0803173389791436,0,train
GSM1447709,0.4738176009665572,0.2622556891041423,-0.5171563705114951,0.1369802942999392,1.6626309055271502,0.2134220736837692,-0.8910178619623516,-1.157583526259052,0.4187093109850615,0.3781534263005446,-1.7603276803886323,0.4470438143136337,0.4570612113311972,0.7684063599049892,-0.2037430594881958,0.6327307541692809,-0.8328397157431229,0.6935168027664103,0.6746376473657448,-0.1220296835010795,0.4576307640288684,-0.9226060054855832,-0.65754656756691,0.436710091326364,0.1795631002002775,-1.317750530075794,-0.3853016844869705,0.112230138560066,-0.3172486471628393,0.6301610684895866,-0.4560931443544606,0.8491608564798248,0.5857168199588019,0.3587360127275304,0.735399710414213,-1.6060692372648628,-0.9024334694459238,1.0942845357140287,1.2100829215799012,-0.3182682264186629,0.7285089419245655,0.855116975818214,0.7887966529065185,-1.3837094395895413,0.8260900496247997,0.4609776496133284,0.558843693330525,0,train
GSM1447710,0.9175624082510424,1.819201861683565,0.4328250003688276,0.4548490928426702,1.1908163134983525,1.193806721571827,-1.6416856505512545,-1.3798439851085569,0.4204575975177843,1.1572075474120456,-0.4494304379920136,0.9246429677375988,1.5481592507605473,1.2929927133454862,1.3503500891120488,0.1896889071257602,0.830903039464168,1.4293997163731484,0.675753756806391,-1.0222660254904328,0.7179546062138975,-0.7870850437680752,-0.7591647826096289,-0.2361953823187619,0.9660041462090132,-0.4027063244928034,0.4989616404713468,0.7327819054539905,-1.4754366286766456,0.770325542428908,-1.6239559416271436,0.9233618175757824,1.230156980760039,0.2315169054922619,1.2017673837303782,-0.4155314800366574,-0.1278605340705015,1.4699918869852393,1.399132842941887,-0.2108603346671327,1.8549480867255703,1.2834400668824406,0.442772175612847,-1.4257953762548872,1.4328354915746786,0.6103206950107837,1.7069873972946312,0,train
GSM1447711,1.8091305596516705,1.3939304128611822,2.1525805031568592,0.5007838903199442,1.4230942664971464,1.8844332401951929,-1.149407961298592,-0.5557705915280917,0.4204575975177843,2.102333864185096,-0.3766805376669079,0.550274881329751,1.0169528050792669,1.4860008999886858,1.7021593377048363,-0.9349557815231692,1.9801210768860904,1.757642226521417,-0.2282948901174142,0.1928511894817531,-0.5302052442625328,-1.2280053558348984,-0.2156254928462529,0.2172147344468822,1.3260614925744578,-0.7494099248780549,-0.9634738584981783,0.8377115678560544,-0.7835321202398277,1.2873767129606304,-0.1050592399719071,0.392150391547912,1.075907720538891,0.2933595270649609,1.9965418752338109,-0.0954237221078957,0.8341090792183292,1.4699918869852393,2.402961298624532,-0.5208088222929749,1.2511425274390648,1.6377140811864106,-0.6703427091752295,-1.3322710725541145,1.8656472401655924,0.5907099920798049,1.7280266798280053,0,train
GSM1447712,0.9681362649636116,1.4260937997469092,1.3316364145038402,0.091045496822667,0.8061059538440971,1.420384506861512,0.0022099814327514,-0.0445715361742319,0.016603408458551,1.4461461642540936,-1.2286937933974744,0.8811117948994766,0.7810971431967775,1.211830296398088,0.7225803748799658,-0.1013030752519368,-0.8328397157431229,1.325795148273253,1.3454194211943962,0.5077320624645747,-1.4297170918125857,-1.1230243291523216,0.6138627276187223,0.2412470727913507,0.776500279700884,-1.525139441721766,0.2797852607808241,0.4179929182477997,-0.557911084879992,1.383934461674384,-0.1118098919792718,0.0953465471640872,1.2292106662801547,0.3587360127275304,1.3127358976384051,-1.4153200938415598,-0.5290282371592049,1.0277876593828434,3.2470292573815565,-0.523877619200162,0.4066691862671338,1.281988124200866,-1.0511085998518004,-0.836592262940007,1.062046610383086,0.688763506734701,1.1644744691126383,0,train
GSM1447713,1.0554169531611115,1.6071617555480358,0.5807729187846159,-0.3425789913627943,1.343248720153809,0.0522032649199557,-1.3543380400825051,-1.0225175551120482,1.1687242335236392,0.9114747050510524,-0.571146617382095,0.9656866449849708,1.7925142157739349,1.1326474505957502,1.3196878151521267,1.117717391465441,-0.3707829790477109,1.325795148273253,0.1679239613121547,-1.1756695277128344,0.2565770823413246,-0.2220962456218402,-1.5886530030746042,1.5037459138207776,1.0370680961495613,-0.5831821712686872,0.6614544736901833,0.6741115565840204,-0.7872924708291554,-0.3198425882102595,-0.4560931443544606,-0.0260732073565686,1.1610760237284825,1.775815512764804,0.621432047481645,-0.6654786334878822,-0.9024334694459238,1.312061805698669,0.6163064080063482,-0.1126588336371638,0.8111049854118703,1.0003112439755788,0.4135893883712116,-0.8880306299754337,2.364526825768827,0.9497367072777326,1.3192634763224584,0,train
GSM1447716,0.163848801760483,1.3129263273712055,0.0401512018667741,0.3813534168790327,1.1109707671550149,-0.507705300651666,-1.7486056916559063,-1.2858107140568444,0.7578768983335081,0.7710559379876278,-0.6494926638860555,0.7293745638637381,0.8405922651130816,0.7684063599049892,1.493978635555892,1.678728961094508,-0.8328397157431229,1.0866332013510622,0.8755373466821464,-0.5782032558992698,0.6087115652969654,-0.4740507096600267,-2.354334437349966,0.8404533755134398,1.0920242174369186,-0.6480901512494883,0.7773408353656318,0.709088110718041,-1.4754366286766456,0.8606537589675853,-0.4560931443544606,0.1695475082600434,1.0437330282228232,0.7050546935346444,0.1430677780673155,-0.2905579033110459,-0.7358586446340053,1.0942845357140287,-0.3502445983936503,-0.6312855109516895,0.8880047500379817,1.1585729962671063,0.2968582394046718,-0.6752628390561672,0.955529077240774,0.6495421008727434,1.208055840074626,0,train
GSM1447717,0.7682879602123268,1.0925475653764125,0.5718737958723878,-0.261733747802793,1.5827853591838148,1.256987065546835,-1.1226779510224285,-1.7713643318511445,0.6267554083792121,0.2836407946232401,-0.4997957536017028,0.9681741405757214,1.2049998868504397,1.1326474505957502,0.1238591307151789,1.031206261569367,0.4026966131493719,0.6664053270019517,1.0407215438978534,-1.0222660254904328,1.0363864488866552,-0.283176115691704,-0.9151369266286834,0.5760976537242826,1.2654202552918563,-0.6180108434535071,1.1224806516599042,0.9697198528134902,-1.2610966450848051,3.76361575255532,-0.4560931443544606,1.5658746852475858,0.215707858324025,0.9806960925443892,0.8703614165185701,-0.3870287344676588,-1.72697885226492,1.4699918869852393,0.086434093203043,0.1082945436802653,0.5946463886865185,1.001763186657152,0.8026932182596784,-1.0353314083041525,1.0215969142530936,0.8441406145724585,0.5408100225876321,0,train
GSM1447718,0.5341799460751082,1.6548112176009635,0.3749807014393466,0.3115325247135762,0.8097352968597018,-0.006619813953327,-1.1783654724311006,-0.5933838999487735,1.170472520056362,0.1648249148003424,-0.4494304379920136,1.0117053134138438,1.2188112544381524,1.1326474505957502,0.8710503330016934,0.5593273712271573,-0.0238172976463938,1.0004574390997478,0.4391385553892968,-0.5741663216302607,1.016629728720827,-0.5313130878505221,-1.0380240704012709,0.0922465750556441,0.7774477990334243,0.0294858348915492,0.175235608399712,-0.1720953982713325,-1.031715259135642,0.4027831440991322,-0.8273790047590679,0.0970329326435413,1.075907720538891,1.5425804828334833,0.7848856693191444,0.522866604850397,-1.522924691870321,0.9629532049599332,-0.1345679275440646,0.4550685941923421,1.548773097936423,0.821722294142018,0.266285795627721,-0.5069190923947737,3.057564952796022,0.7596637404082404,0.945064808407456,0,train
GSM1447719,1.0570483678937748,0.8042683199561981,1.105821170606058,0.2251751054563043,0.4540596813302911,-0.1329805019033426,-1.00684790649239,-0.8105152712863676,1.1005410587474036,0.8264133365414787,-0.9558816671783276,1.1024989024762095,1.1370054618032357,1.0366382500604132,1.2164043660239694,0.0455036906323107,-0.1896838185114137,0.9104086088820807,1.180235223978687,-0.2794701199924903,1.023602688779355,-0.6095716713775347,-0.4944847806378983,0.2043974873298323,1.2654202552918563,-0.5151079483619944,1.3542533750108023,0.3988122272710788,-0.7835321202398277,-0.0052512133686719,-1.2121661691783965,-0.0716056153018141,0.8440606729672282,1.120283724094195,1.2017673837303782,-0.3190606488800462,-0.4110377362507634,0.703615387268304,-0.1345679275440646,-0.0021821449784492,1.0660134644502777,0.962560734254664,1.329373045144424,-0.5606955670227197,1.1726091131383964,0.6797124130742495,0.7557112656070919,0,train
GSM1447720,1.7349011893154789,1.071105307452595,1.7587943142907767,0.0285741722535743,0.9621677035151608,2.043473416408143,0.2962400944705397,-0.9558394174571984,0.5568239470702521,0.9384783141017112,-0.1192578134396101,1.055236486251965,0.8416546780044444,1.2929927133454862,1.190583503741929,0.711377235892981,2.1849154546888188,1.4293997163731484,-0.2919131282342742,-1.5914737574209226,0.3472255631021829,-1.174560469523768,-0.3574183510453944,2.229522531823737,1.0550709634678332,-0.7414943175633238,-1.5429056668754235,1.6387874851191229,-0.0653051576776911,1.0537692563950924,-0.1050592399719071,1.8137733507272584,1.1402571051710269,0.9100188107470182,1.8810746377889729,-0.7246766435158055,-0.2888828647220224,1.711043063685794,1.0183703252691596,-1.5948877398082633,1.9332719210669815,1.8453418846514411,-1.0511085998518004,-0.8342541553474878,1.215755455677055,0.3071090573856452,0.8624104841692026,0,train
GSM1447721,1.06846827102242,1.275997994280185,0.6230437526176985,-0.1974250313346089,0.2435577864251343,1.2896665538097714,-0.2851376290359976,-0.77632135454029,1.887269998473185,0.9519801186270412,-1.393780105673677,1.9047162304930287,0.927710122204811,0.8357117788369776,0.9420577042773012,-0.7121240833060123,1.0424674793430198,0.8087405747653593,1.359928843922802,-0.4328736222148919,1.8103850153832124,0.3295313309466091,-0.5228433522777258,1.1897233594530527,1.0740213501186464,-0.5436041346950293,1.130038457856129,0.3683487768962867,-0.7835321202398277,1.190818964246877,-0.4560931443544606,0.6704039956577492,0.8629869625649143,1.466602404901309,1.5046814352090456,-0.6939813790568825,-0.8857759869647308,1.3137242276069474,1.2500230458113073,-1.49361744187111,1.4391197298584488,1.083071976825278,1.683735461649991,-0.5606955670227197,1.0364284695007575,0.9844325663094644,0.2432544553299191,0,train
GSM1447722,1.101912273042023,1.4201376169902926,0.8032509915903123,0.0285741722535743,0.8859515001874324,1.2896665538097714,-0.6348552634824599,-0.8105152712863676,0.4204575975177843,1.0437923893992802,0.2095157745680785,0.4495313099043842,0.7949085107844915,1.211830296398088,0.9194644497805168,0.3312525742284241,1.888725238858427,0.7796925650177258,-0.4894644992287361,-1.0222660254904328,0.1554691614926753,-0.6305678767140501,-0.5228433522777258,-0.0679690139074804,1.3668048238737058,-0.4470337254553007,0.8705537784524058,1.228095043029324,-0.0653051576776911,0.4027831440991322,-0.8273790047590679,0.4916471348356721,1.0238604241452527,0.5672339940297729,1.356223558494253,-0.034033193190053,-0.9010453459058232,1.711043063685794,0.5177874349022163,-1.3892783470267642,0.6800905716044203,1.1600249389486788,0.3427169050700986,-0.4484664025817894,2.4049765218988197,0.1653085900385642,0.7977898306738399,0,train
GSM1447723,1.5489199097918345,1.401077832169122,1.3828063712491503,-0.0155232333246081,1.1109707671550149,1.1240904799442328,-1.1516354621549372,-0.668610516790145,1.238655694832596,0.7386516071268376,-0.4620217668944358,1.1895612481524545,1.7160204875958307,1.2929927133454862,1.4633163615959712,-0.2323805447914359,0.4145442217825879,1.1437609538547433,0.6277610508585838,-1.1756695277128344,1.147953809823096,-1.2680890205682451,-1.2365340718800693,2.139801802004386,1.164983206042548,0.0279027134286037,0.9146409812637186,0.3976839513312717,-1.0354756097249698,1.4306559529874936,-0.1118098919792718,3.554123165523325,1.4430777387340157,1.1838932777118267,1.8285895298595003,-0.5098097923033493,-0.7053199267518193,1.4683294650769576,1.0529850996030437,-0.6312855109516895,1.0774060221726642,1.281988124200866,1.0722865861109725,-0.7828157883120611,1.2009239004293908,0.8003936618802752,1.3192634763224584,0,train
GSM1447724,1.8841756373541927,0.9019497171647002,1.6164083476951314,-0.0136858414255168,3.183325629066141,0.6970784999752117,-0.3809201658589134,-0.6669008209528423,0.3505261362088276,1.1572075474120456,-0.3025316007970887,0.8823555426948518,0.2073941818609949,1.211830296398088,0.215845952594944,1.1203389408562292,1.722858717993407,0.6664053270019517,-1.2673927793594673,-0.4328736222148919,-1.4297170918125857,-1.6784693976001377,-0.7071740679366096,-1.630071006297953,0.4960345572688532,-0.7414943175633238,0.0253391188412514,1.2822522881400678,0.7807737249216803,1.9477071235192112,-0.1050592399719071,0.6704039956577492,1.035216197903865,0.4311802265698358,0.5569503434540083,-0.6939813790568825,-0.1819973521343749,1.6312468120883696,0.6189690829551081,-1.957005774856276,-1.268036798923742,1.4954236983921925,-1.0511085998518004,-0.3900137127688031,0.8409216048724638,0.8984471765351706,0.6264699586163689,0,train
GSM1447725,2.1060480409964364,1.5380700355712902,2.1892893851697988,0.6955474316235827,1.042013249858496,2.2003349600702333,-0.0623875434013086,-0.4378015787541223,-0.7753703908654004,1.6999800893302843,0.6879862728601218,-0.6026793249827909,1.809512822035736,1.4860008999886858,1.763483885624677,-1.100113393142941,1.8481048664016877,1.5901320369767258,-0.2662426110994013,-0.4328736222148919,0.2426311622242702,-0.5122256284536909,-0.600829424287253,0.3710216998514825,1.6965415515978497,0.6706500273848214,0.3704789351355234,2.482737888094862,-1.031715259135642,0.770325542428908,-0.1050592399719071,-0.1205107942059663,1.4440240532139,-0.5141284174699932,1.7356159100987212,0.6215299548969344,1.129779393259486,1.3885332134795332,1.0183703252691596,-1.3892783470267642,1.5402286796446318,2.145894019737187,0.2607271694864576,-0.8342541553474878,1.9168835219302487,-0.4109443730102074,1.977492458438008,0,train
GSM1447726,1.712061383058189,1.085400146068473,1.488483455831856,0.2251751054563043,1.1908163134983525,1.7319289616348277,-1.4300730691982984,-0.8105152712863676,1.170472520056362,0.9492797577219744,-0.3123248566100831,0.9246429677375988,1.3962342072957,1.3890019138808232,1.794146159584599,-0.2900546313888162,0.4467020166441727,1.517512012607641,0.2650254826484154,-0.1179927492320648,0.422765963736232,-0.7679975843712422,-1.3759637157758928,-0.0423345196733806,1.7770806948638054,0.2083785602044874,-0.0804701679058978,1.7053557655677438,-1.031715259135642,1.337212970361277,-0.1050592399719071,-0.0952150120141639,1.2415127545186513,0.7757319753320138,1.914065277058926,-0.4462267444955805,0.2858002808790966,1.711043063685794,0.3819910125154385,-1.49361744187111,1.3835810109618123,2.1952600709106926,0.2343236953154542,-0.0065640675956258,1.6822752843762954,0.5529971018279223,2.2705396080099978,0,train
GSM1447727,0.8262031832218834,1.1354320812240484,0.0913211586120843,0.291321213823578,0.3814728210181697,0.9280135503666213,-1.4568030794744635,-0.848128579707052,1.170472520056362,1.0910487052379327,-0.5403678133983962,1.3599546961188171,1.2921177439421698,1.3890019138808232,1.2422252283060085,-0.5364802741230809,-0.3538578238574026,0.9539806235035324,1.2483178998581343,0.354328560242173,1.086359329306103,-0.7870850437680752,-0.8891415692921737,-0.0423345196733806,1.387650249189599,-0.4691974259365501,1.7535574690446871,0.6097998280150126,-1.2610966450848051,0.723604051115801,-0.8273790047590679,0.5911438781234323,1.075907720538891,0.8464092571293848,1.2722473858070986,-0.1261189865668188,-0.5262519900790074,1.4699918869852393,0.9438154267038698,-1.3892783470267642,0.7370533602163544,1.4112110228609214,1.336321327821003,-0.2614177951802383,1.215755455677055,0.4896394462047594,1.296721387893844,0,train
GSM1447728,0.2992562245715581,1.305778908063266,0.7565305963011152,0.1810776998781217,-0.2972143229001823,1.0609101359692237,-0.9199753730948604,-0.848128579707052,1.3890083366468575,0.4915685843133114,-0.4298439263660241,1.276623593828698,1.517349276911033,1.2929927133454862,1.6117863197176974,-0.2900546313888162,-0.8328397157431229,1.0876014683426505,1.292962277484002,0.354328560242173,0.9980351685647536,0.1386567369782881,-0.9883965700315712,0.3501936732862757,1.345959398557812,-0.5515197420097613,1.3693689874032535,0.0874080678843083,-1.4754366286766456,0.8637685250551222,-0.4560931443544606,0.4157597882602618,1.495125035127655,1.3252478413065671,1.4896856900863389,-0.7838746535437272,-1.1148163710811192,0.8316218742058393,2.442901422855936,-0.3151994295114758,1.534532400783439,1.2834400668824406,1.20708327003662,-0.5069190923947737,1.4786784805220032,0.801902177490351,1.2095586459698675,0,train
GSM1447729,1.0570483678937748,1.2223923494706412,0.4673091016537102,0.2472238082453955,0.1746002691286176,0.8931554295528232,-1.9223507584509625,-1.251616797310768,1.3890083366468575,0.2242328547117912,-0.6578868831543357,1.1510050664958342,1.5481592507605473,1.4860008999886858,2.079789448579662,0.4806808895034597,-0.477411456746652,1.1602214927117371,1.9380735341777788,-0.5741663216302607,2.081168297656032,-1.0314045240475267,-1.4255912161455924,0.9013352993194276,1.6463230269731963,-1.947832872328442,1.9412429895842729,1.43908264377326,-0.7835321202398277,0.8139322676544758,-0.1050592399719071,-0.2621671744800654,0.729556620901222,1.8641621150115208,0.8583648204204057,-0.354140951118813,-1.044022070536054,1.711043063685794,-0.669765592244892,-1.3892783470267642,1.058893115873786,1.6885320750414885,1.336321327821003,-0.3268848077707822,1.449015370026675,0.3252112447065497,1.6363555202183049,0,train
GSM1447730,0.8359916716178644,0.3373035918375046,0.8088129434104545,0.2692725110344868,-0.4278706714620039,0.6317195234493406,-1.4300730691982984,-1.1216799136756728,1.5481024111247368,0.3241462081992274,1.2070288309488566,1.7591977384341633,1.1635657840873002,1.1326474505957502,1.3503500891120488,0.2578491912863028,1.008617168962404,-0.0365565088908014,1.2282279299264942,0.1928511894817531,1.8812767759782432,-0.5904842119807034,-2.023484434885304,0.236440605122457,1.5439909390588065,0.7688035580874956,1.5293425518900143,1.1084977934097675,-1.2610966450848051,1.147212239021309,-0.8273790047590679,-0.3127587388636733,0.3245340235107242,2.212247727863568,0.9723324833529724,-0.2576701199622001,-0.5442975961002985,1.6312468120883696,0.2461945901286627,-2.561558765572024,0.687210920180912,1.2834400668824406,1.829649397858166,0.2646564131366209,0.7263141325041523,1.332899672236863,1.3868897416083024,0,train
GSM1447732,0.7568680570836829,0.6374952027709508,0.5462888174997332,-0.7394556415664335,-1.1791446756924864,0.8582973087390252,0.3920226312934572,-0.1386048072259443,2.6005709038245577,1.9187093226406184,-0.610319640634075,1.442042050613562,0.4156271085680569,1.3890019138808232,1.6698832598522846,-0.1013030752519368,1.8870327233393969,1.129236948980927,1.0753209365579008,0.3502916259731639,0.494819884341016,0.2035540989275167,0.136493438348282,1.9875969924894177,1.429341099821388,-0.6829188234343068,0.7332536325543201,0.4484563686225929,-1.0354756097249698,1.520984169526166,0.4889981366754612,-0.1458065763977703,0.4901390574904835,1.862395182966583,1.284243981905263,-0.7575644268646513,-0.7205892856929117,0.9612907830516548,1.6574123129716365,-1.8710794614550528,2.135489820639348,1.0801680914621288,-1.0511085998518004,-0.0743691877786871,0.6535046794701669,1.2921697507648295,0.6700513295783563,0,train
GSM1447733,0.5765967291243608,0.3099051511570702,1.08246097296146,0.3611421059890328,0.0366852345355866,0.1219195065475517,0.6637777357677777,-1.0874859969295965,1.3890083366468575,-0.9004674622481397,-1.2650687435600274,1.8064601546584105,0.6217352094923947,0.7684063599049892,-0.1101424337158033,2.496652371021007,-0.8328397157431229,0.5811978317422241,1.1009914536927743,-0.860788654730013,1.0607918090915016,0.0031357752607783,-0.8135187115859644,-0.2954751502351193,0.3368513094020254,-1.3747429027418625,0.7093205795996087,0.0693556528473945,0.9838326567455312,0.723604051115801,-0.1050592399719071,0.2218254581231039,0.3557624013469078,1.466602404901309,0.3665043803956393,-1.991952561891316,-1.599271486575783,0.638780932845397,0.2461945901286627,-1.3892783470267642,0.8766121923155953,0.2060985971547916,1.219590178854464,-0.2614177951802383,0.0642874391766168,1.2695420166136993,0.5002342634161258,0,train
GSM1447734,0.9379550924093364,1.5904844438295096,1.140305271890942,-0.3205302885737031,0.8859515001874324,-0.3486651244387157,-1.2340529938397728,-0.988323638365968,0.8278083596424681,-0.4400559279344106,-0.8117809030728296,0.6211685056661209,1.7776404352948592,1.4860008999886858,1.7021593377048363,1.212093169533882,-0.8328397157431229,1.2328415170808231,1.1668419106909282,-1.1716325934438254,1.229305010505918,-0.7679975843712422,-1.305067286676321,0.3437850497277507,1.345959398557812,-0.5515197420097613,1.3844845997957025,0.3164480836651572,-1.031715259135642,1.190818964246877,-0.4560931443544606,0.021145586068131,0.7569997408178681,1.256337491554132,0.6679188573620338,-0.4462267444955805,-1.3952173261811822,1.4699918869852393,0.025192569381555,-0.3151994295114758,1.3907013595383044,1.451865417944984,1.6045250391369812,-0.8856925223829105,1.159125881095066,0.7385445218671873,2.024079441190477,0,train
GSM1447736,0.7487109834203648,1.1568743391478655,1.5485525354893943,-0.772528695750073,1.114600110170617,1.8081811009150104,0.0378499951343027,-0.6309972083694606,0.7596251848662342,0.2593375464776469,0.0668140470072953,0.8823555426948518,1.276181550571731,1.3890019138808232,0.9904718210561247,1.212093169533882,1.10509055354716,1.517512012607641,1.3331422173472824,-1.5914737574209226,1.1897915701742607,-0.283176115691704,-0.9647644269983828,0.6401838893095328,1.0020098808455566,-0.5293560415285119,0.8277262100071313,0.8489943272541266,-0.3134882965735116,0.0850770031700029,0.1987201003591337,1.3382126455213548,1.0967266390963466,-0.0299890371580075,1.6411427158256724,0.586449652658166,-0.6567356028483423,0.9629532049599332,1.361855393659241,-0.8307573099188142,1.5772544922423906,1.451865417944984,1.7198665315682062,-1.0353314083041525,0.5604703783711853,0.5077416335256633,1.1659772750078792,0,train
GSM1447737,0.99016036385457,1.808480732721656,1.05353882349672,-0.5318303569691605,0.8859515001874324,0.1850998505225595,-1.6171831411314397,-1.7166540650574191,1.1005410587474036,0.6846443890255204,-0.4298439263660241,0.3463002428882657,1.592780592197775,1.6364483070131326,1.763483885624677,1.951370097736676,1.223566639879317,1.6830856681691555,0.2795349053768224,-1.5914737574209226,0.4855226042629793,-0.1991912943456441,-2.0872912210749184,1.1672931769982149,1.5203029557452894,-1.2227632422990131,0.6337425176373583,0.6639570731257554,-1.6784955605004963,1.2375404555599816,-0.8273790047590679,0.3432452126437597,0.9320679195964718,0.8464092571293848,0.7848856693191444,-0.3190606488800462,-1.3952173261811822,0.638780932845397,0.025192569381555,-0.0021821449784492,1.7452947186475964,1.2834400668824406,0.4719549628544818,-0.6729247314636501,1.2993514943457058,0.7385445218671873,2.0451187237238515,0,train
GSM1447738,0.8359916716178644,1.7203292279237394,0.8444094350593658,-1.0003652912373475,-0.2318861486192749,-0.1024796461912695,-1.0647629287574092,-1.0874859969295965,0.7596251848662342,-0.0849584689182499,-0.7306367834794428,0.5154499430592531,1.096633771931458,1.6364483070131326,1.40683322535401,1.681350510485301,-0.0830553408124718,1.644354988505644,0.5362400767255564,-0.2794701199924903,0.373955243326538,-0.5313130878505221,-1.0616562134344625,1.37717559853991,1.43028861915393,-1.4444002471115025,0.1538218241770748,-0.0062388351196833,0.1603158776821445,1.570820426926815,-0.4560931443544606,1.4781826403160014,1.7241331392596646,0.5000905763222707,0.7608924771228144,-0.1261189865668188,-1.547910915592108,0.9629532049599332,1.1328653480658513,0.4550685941923421,1.6142803048401475,1.083071976825278,0.3983031664827362,-0.2614177951802383,1.159125881095066,0.7702233496787692,1.4319739184655316,0,train
GSM1447739,0.8743299178354575,1.3939304128611822,1.0023688667514097,-0.550204275960069,-0.1012298000574488,0.9280135503666213,-1.0358054176249003,-0.740417741956907,1.3890083366468575,0.6576407799748624,-0.8117809030728296,0.8823555426948518,0.9670193991852258,1.3890019138808232,1.5827378496504012,0.6353523035600691,1.0424674793430198,1.465225595061898,0.6445026924682844,-1.4582549265435776,0.6714682058237132,-1.1917391829809167,-0.7071740679366096,0.6177537068546947,1.1858286313584423,-0.7620748965816262,1.0544603958938812,0.9076646761240976,-1.2610966450848051,1.190818964246877,-0.8273790047590679,0.4663513526438697,1.3351978880272,1.1856602097567628,1.144783552264095,-0.9154257869391068,-0.7178130386127142,0.8981187505370264,1.0955878987832095,0.1082945436802653,2.092767729180399,0.962560734254664,0.5622826376500188,-0.4484664025817894,1.1874406683860603,1.064383893643455,0.9916517911599256,0,train
GSM1447740,0.5080773103524918,1.0127347164377585,0.6697641479068942,-0.2396850450137017,0.1746002691286176,0.5336810586605365,-1.1783654724311006,-0.8840321922904324,1.2404039813653187,1.070795998449939,-1.9715821986403816,1.2330924209905756,0.666356550929622,1.0366382500604132,0.5273101038720447,0.9446951316732952,0.3790013958829401,0.7796925650177258,1.4268954103616025,-0.5741663216302607,1.7848174951686122,0.2818126824545275,-0.9151369266286834,0.3165483996040197,0.5377254079006415,-2.2137972781034283,1.6376711073692372,0.2589060107349932,-0.557911084879992,1.2375404555599816,-0.8273790047590679,-0.0007774251647646,0.9822225870303414,1.3959251231039398,0.6574218357761408,-1.1587953837205651,-1.3702311024593947,1.3885332134795332,1.5136278657385809,-0.5208088222929749,0.564740924665253,1.0424175817412138,1.9338736380068615,-0.4484664025817894,0.738449041343149,0.8863790516545691,0.8413712016358286,0,train
GSM1447741,0.7201612255987533,0.9019497171647002,0.4873321282062227,-0.7909026147409816,1.114600110170617,0.1219195065475517,-0.4432901898366265,-0.5933838999487735,1.97818089817483,0.9452292163643752,-0.8803336937637949,1.951978646717276,-0.1038927953082348,0.7684063599049892,0.6725524542085151,0.6353523035600691,0.3468436010213552,0.5957218366160413,1.118849204743121,-0.4328736222148919,0.7063330061163522,-0.2182787537424753,-0.9387690696618732,-0.3948088153922568,0.5102473472569625,-0.8491465770436745,0.8516592629618448,0.1573611761523517,-0.557911084879992,0.5834395771764795,0.1987201003591337,0.0734235359311899,0.6046431095564897,1.8641621150115208,0.9333435460339355,-1.2728063659965614,-1.3049892960747274,0.8316218742058393,1.324577944376595,-0.2108603346671327,0.6373684801454698,0.40791862989353,0.6539999689808712,-0.1959507825896942,0.6427180938355026,1.971001775298723,0.6039278701877531,0,train
GSM1447743,0.99016036385457,1.3689144452833948,1.3772444194290083,-0.1588398014537005,-0.4278706714620039,0.9280135503666213,-0.0289750305561059,-0.5557705915280917,1.8033522449024344,0.8331642388041435,-0.8201751223411112,1.1024989024762095,0.5558656102279153,1.4860008999886858,1.6117863197176974,0.1896889071257602,1.3098849313498884,1.6830856681691555,0.2549804976825952,-0.5741663216302607,0.7237654062626706,-0.0655790785678168,0.4531641549930285,0.8692921815268021,1.1479278580568175,-1.1816020842624084,0.2243613486751742,0.6752398325238265,-0.7835321202398277,0.9572115076813388,-0.4560931443544606,0.4157597882602618,1.1847338857255902,1.466602404901309,1.5961554804575533,-0.3870287344676588,-0.7039318032117212,0.44593999148495,1.5509053150212249,-0.1095900367299767,1.7296299517793143,1.083071976825278,0.2398823214567182,-0.2614177951802383,1.242721919763717,1.243897251242419,1.1659772750078792,0,train
GSM1447744,0.7299497139947343,2.178955300183171,1.2003743515484788,0.4787351875308511,-0.2972143229001823,0.1219195065475517,-1.207322983563611,-1.933785436395012,1.469429517152158,0.0784133658382349,-1.3336215342509932,1.856210066473408,1.1773771516750131,1.3890019138808232,1.8554707075044437,1.681350510485301,-0.5468045930269158,1.7208480808410818,1.010586589000393,-1.0222660254904328,0.9294677279892336,0.3543450281624911,-1.8746019337762037,0.4383122472159953,1.4094431938380352,-1.6169604865726543,0.8466207254976944,-0.1799933298499834,-1.4754366286766456,1.9944286148323207,-3.183356555326512,0.0464413682599334,1.5225681550443002,1.7775824448097386,0.82237503212591,-0.7553719079747286,-1.599271486575783,0.5722840565142084,2.168645903133622,0.6698843776954025,1.8150741346972168,1.2006793340327426,1.251552279166731,-0.5606955670227197,1.2710367070547115,1.4928023269048476,1.8422399278663188,0,train
GSM1447745,1.4542978552973485,1.085400146068473,1.5485525354893943,0.6441004584490347,0.4540596813302911,1.256987065546835,0.1648175439460743,-0.1368951113886402,1.3155803022724504,1.3327310062413271,-0.9320980459181974,1.3189110188714464,0.4910584238547996,1.1326474505957502,1.6408347897849924,-0.0986815258611412,1.3098849313498884,1.702451008000913,0.037339156756494,0.0394476872593459,0.0659828407415719,-0.2182787537424753,-0.2439840644860822,1.1753039564463723,0.7139640037532011,-0.7699905038963574,0.4649515125883358,1.322870221973125,0.1603158776821445,1.4773774443006007,-0.4560931443544606,0.4157597882602618,1.3228957997887043,1.3959251231039398,1.5346729254544578,-0.8211474746724184,-0.109814928049209,0.703615387268304,0.5497395342873403,-0.5208088222929749,0.7370533602163544,1.2413337291168045,0.0759028502894355,0.1267080651779793,1.0364284695007575,1.4520724054328142,1.9324082815807773,0,train
GSM1447747,0.5765967291243608,1.3689144452833948,1.2726797252103306,-0.1367910986646092,0.0366852345355866,0.9280135503666213,0.1336325319572185,-0.7028044335362226,0.7596251848662342,1.1059006902157953,-1.431554092380943,0.7306183116591122,0.3253220128022395,1.0366382500604132,1.4342678915286775,0.5593273712271573,0.5397903701908675,1.014981443973564,-0.0262790813603658,-0.5741663216302607,0.7400356463992342,-0.3671609370377672,-0.440130851661561,0.848464154961596,0.6675355564587104,-0.7557424107298398,0.5858764117279336,1.468417818208245,0.3671351600953231,1.9944286148323207,-0.1050592399719071,0.3685409948355621,0.902732170720056,0.6379112758271422,1.3427273878838175,-1.1302926381515666,-0.5095945075978143,0.9629532049599332,1.5509053150212249,-0.5208088222929749,1.3707643835241268,1.2006793340327426,0.1801270904381326,-0.1328218775916734,0.9299109363584456,1.1337756117069204,1.296721387893844,0,train
GSM1447748,1.3107333588229566,1.164021758455805,1.9946210714648152,0.5724421743844903,-0.1012298000574488,1.0914109916812964,0.4610751578402112,-0.4788342788494135,0.4204575975177843,0.129720223034486,-0.2801470160816714,0.4147063716338863,0.8055326396981165,1.3890019138808232,1.7328216116647548,0.4046559571705478,0.6396487858136859,1.571734964136559,0.633341598061818,0.9760164376697978,0.357685003189975,-1.1211155832126374,0.3515459399503096,1.0022711203661965,0.8267188043255389,-0.5071923410472625,0.6337425176373583,1.255173665584696,0.5777147930978294,1.4773774443006007,-0.4560931443544606,0.1206423293558912,1.2755800757944868,0.7757319753320138,1.7041248453410391,-0.7553719079747286,-0.2180885641769572,0.8316218742058393,1.361855393659241,-0.7325558088888426,1.397821708114796,1.5883480300129065,0.6373240905570798,-0.0065640675956258,1.3290146048410327,0.6797124130742495,1.6123106258944495,0,train
GSM1447749,0.6026993648469772,0.936495577153073,0.709810201011919,0.0506228750426655,-0.3625424971810965,0.4051417381596576,-1.0358054176249003,-1.5969753564461484,1.3155803022724504,0.2242328547117912,-0.1066664845371887,0.4147063716338863,0.722664434171837,1.1326474505957502,1.6117863197176974,0.4046559571705478,0.533020308114744,1.5533378912963902,0.2694899204110018,-1.0222660254904328,1.182818610115734,-0.1113889811202142,-1.4019590731124023,1.2345837243627282,0.8267188043255389,-2.3705263029351165,0.6085498303166091,0.6639570731257554,-0.0653051576776911,0.770325542428908,-1.2121661691783965,1.0515271140142517,1.3588557500243097,0.8464092571293848,1.173275467997236,-0.632590850139038,-0.9149265813068173,0.9629532049599332,0.1503382919732909,-0.6282167140445051,1.4120624052677797,0.8565689184997873,1.20708327003662,-0.4484664025817894,0.777550414268809,0.8984471765351706,1.6604004145421614,0,train
GSM1447750,0.2772321256805997,1.808480732721656,0.204784975742989,-0.754154776759161,0.3814728210181697,-0.5360275238128773,-1.4300730691982984,-1.0874859969295965,1.0323578839711698,0.4470126293797243,-0.5207813017724059,0.7654432499296101,0.5664897391415413,1.211830296398088,1.0889138585064002,0.8634271005588021,1.1457109260038991,1.9212793480997583,-0.8488517391169649,-0.860788654730013,-1.0589880487008718,-0.4511457583838271,-0.4117722800217316,1.2201643213560471,1.4094431938380352,-1.7926869689596994,-1.0151188675057152,-0.0942443584246405,-1.031715259135642,0.6768825598026963,-1.6239559416271436,1.0515271140142517,2.0260074583427703,1.3252478413065671,0.6229316219939163,-0.2247823366133543,-1.2911080606737324,0.3811055370620431,0.3100987888989107,0.5624764859438723,1.6299450717084298,0.9262621672153224,-1.0511085998518004,-0.3900137127688031,1.2022722236337249,0.801902177490351,1.1659772750078792,0,train
GSM1447753,1.1508547150219293,1.1425795005319863,1.3327488048678693,-0.1367910986646092,1.1908163134983525,1.1262691124950943,0.559085195519474,-0.4788342788494135,1.2404039813653187,0.8993230809782556,0.2752704921696181,1.276623593828698,0.4474994953089339,1.2929927133454862,1.2680460905880475,0.1896889071257602,1.8328722267304105,1.482654400910479,1.02844434005074,-1.316962227128203,0.8690354074819935,-0.9569634323998826,0.1388566526515999,0.2829031259217637,1.0020098808455566,-0.7763229897481422,0.0832822996789754,1.5124205798607226,0.1603158776821445,0.8637685250551222,-0.1050592399719071,1.0768228962060558,1.230156980760039,0.7757319753320138,1.1882712131199429,-0.2883653844211232,0.128942320847874,1.3885332134795332,0.4485578862344485,-1.957005774856276,0.9164861443439488,1.2413337291168045,0.6192585555979724,-0.0720310801861699,0.8665397457547909,0.8335810053019328,0.7346719830737191,0,train
GSM1447754,0.796837718033939,1.2057150377521162,1.1269565875225993,-0.4197494511246128,0.2399284434095295,1.4879221159382447,0.2294150687801361,-0.8498382755443561,1.885521711940459,1.0073375171808905,-1.025833494414007,1.669647897167171,0.7587864724781638,0.9287516226547268,1.2147905621313422,0.860805551168014,-0.4926440964179293,0.9994891721081588,1.099875344252127,-0.8688625232680367,0.8609002874137127,0.327622585006925,-1.0640194277377804,0.3550001409551702,0.4515011486394424,-1.317750530075794,0.5367506714524719,0.3254742911836152,-1.0354756097249698,0.6301610684895866,0.4889981366754612,0.7682143534660553,0.7011671865046915,1.5408135507885456,0.7473963065123773,-0.0669209765388971,-0.626196884966159,0.9612907830516548,0.9065379774212236,-1.3923471439339488,0.6302481315689773,0.8885116574944075,0.9527761240738016,-0.4508045101743066,0.4350763203682108,1.4505638898227384,0.0719345832724468,0,train
GSM1447755,0.9175624082510424,0.836431706841925,0.4372745618249411,0.1810776998781217,-0.1012298000574488,0.1524203622596248,-0.2539526170471402,-1.2841010182195391,-0.364523055675271,-0.6452833567194158,-0.2465701390085455,0.9246429677375988,1.6852105137463174,1.2929927133454862,1.40683322535401,0.5593273712271573,-0.8328397157431229,1.2802865996686257,0.206987791734788,-0.1179927492320648,0.4634415640776415,-1.3673438094317731,-0.440130851661561,-1.630071006297953,0.65237524713806,-1.2892543437427595,0.1324080399544381,-0.1179381531605899,-1.031715259135642,1.0537692563950924,0.1987201003591337,-0.5943851139324157,1.3351978880272,0.7068216255795772,0.7144056672424242,0.3233473858674015,-0.5595669550413909,1.3885332134795332,-0.0067595300035688,-1.957005774856276,0.4508153474413835,1.4112110228609214,0.4830722151370099,0.7790400834908862,1.50834159101733,0.352364525687905,2.069163618047707,0,train
GSM1447756,1.3466244829415548,1.5630860031490776,0.8343979217831091,0.4787351875308511,-0.166557974338363,0.7646161090519444,-2.0938683243896734,-1.6875892358232538,0.4204575975177843,0.5833808550855505,0.145160093511255,0.2555066538258975,1.517349276911033,1.3890019138808232,2.3541361103263303,0.118907073574432,0.3180708371978309,1.9212793480997583,0.1545306480243949,0.1928511894817531,0.2728473224778893,-1.7414580136096838,-1.5626576457380943,0.7603455810318772,1.6965415515978497,0.3571919777214452,0.1651585334714123,1.4537502309907526,-3.261603158608655,1.4773774443006007,-1.6239559416271436,0.1459381115476936,1.7241331392596646,-0.0299890371580075,1.243755470073956,0.0953254213154073,0.0678648850835021,1.5547754043075024,-0.6963923417324939,-1.6900204439310478,1.8079537861207255,1.9484298150431725,0.5400481330849635,0.3324615333196842,1.76317467663628,0.1245786685665316,2.743923465010904,0,train
GSM1447757,0.4583191610062532,0.733985363428129,1.7732553890231475,0.0506228750426655,0.1746002691286176,0.4356425938717307,-0.0289750305561059,-0.848128579707052,-0.4222165112551614,0.3970559526360062,-1.6288182451855573,0.550274881329751,0.6004869516651427,0.9287516226547268,0.9420577042773012,0.4806808895034597,-0.8328397157431229,0.8668365942606291,-0.9716237775880996,0.5117689967335838,0.3890633234533479,-1.6631994300826711,-0.1589083495665959,-0.3195074885795878,0.7774477990334243,-1.1752695984106227,1.5066691333013391,0.0027873723987736,-0.3134882965735116,1.2375404555599816,0.1987201003591337,-0.6601541476311044,0.8828595666424857,0.5000905763222707,0.4819716178404771,-0.5383125378723479,-0.9440771756489024,1.0959469576223089,0.3473762381815545,-0.416469727448629,0.183090240965291,0.9262621672153224,-0.3020837273165033,0.2646564131366209,0.8665397457547909,0.6208803042813125,1.1870165575412532,0,train
GSM1447758,0.5676239480947113,-0.0081550080462232,0.5874472609687867,1.1916432443781335,0.3088859607060484,-0.0414779347671251,-0.2539526170471402,-0.6669008209528423,-0.5987934510602817,0.6576407799748624,-0.3878728300246166,0.1958067596479014,0.2169558978832582,0.5407556782232652,0.0060514465533747,0.7847806188351022,0.9595342189105088,0.6944850697579982,0.7895969197523521,-0.4328736222148919,0.4285767637850046,-1.0676706969015086,-0.1021912062869407,0.2957203730388136,0.294212939437696,0.3936037713692106,0.8907079283090062,0.9697198528134902,-0.3134882965735116,-0.7621393726410111,0.4957487886828179,0.950343985247039,0.8629869625649143,-0.0935985907756409,-0.2048335087794707,-0.601895585680115,-0.6872743207305282,0.5124368678161402,0.1822903913584148,-0.7325558088888426,0.705723826479791,0.2060985971547916,-0.154780134573012,-0.0720310801861699,0.6305831849965047,0.1834107773594694,0.6039278701877531,0,train
GSM1447759,0.5594668744313939,-0.3107290920823163,0.0457131536869163,2.279379248639965,0.0366852345355866,0.4051417381596576,-0.4744752018254839,-0.6309972083694606,0.9624264226622132,-0.5035144092034587,0.0905976682674247,1.4868169712470585,-0.205884432879041,0.7684063599049892,-0.3360749786836467,1.031206261569367,0.6464188478898094,0.6247698463636757,0.8331251879375724,-0.860788654730013,0.3251445229168457,-0.3461647317012502,-1.6075587175011563,2.500286877171418,0.3368513094020254,-0.8412309697289426,0.8403225536675067,0.3074218761467002,-1.031715259135642,0.268848202334892,-0.1050592399719071,3.909950501688024,0.4920316864502522,1.0496064422968256,-0.0908658458469019,-0.4769220089545035,-2.282228268304649,0.44593999148495,-0.0413743043374528,-0.416469727448629,1.3422829892181598,0.3193501263175375,0.2551685433451936,-0.5606955670227197,-0.123129486225678,0.9949921755799918,0.6925934180069709,0,train
GSM1447760,0.583938095421346,-0.1034539321520796,0.7498562541169449,2.277541856740874,0.2399284434095295,0.1175622414458285,0.1314050311008716,-0.5950935957860802,0.6879454370245515,0.6508898777121964,-0.3570940260409176,1.31766727107607,0.2849503229304631,0.0458628919586463,-0.5006829757316483,0.5567058218363691,0.8292105239451368,0.5105143413563127,1.4469853802932426,-0.436910556483901,2.089303417724314,-1.1592905020063031,0.3491827256469916,1.1801104241152645,-0.6362510451172171,-0.5388547703061907,1.96769531127106,1.7042274896279357,0.5739544425085017,-0.4973842552000699,-0.1118098919792718,1.97060720031644,0.981276272550457,1.0478395102518896,-0.7806701214913901,-0.6654786334878822,-0.2722253822408293,0.248111784399669,0.2728213396162667,-0.8368949037331885,0.0591961757343334,0.1218859216235204,1.8129735194343752,-0.9394689970108604,-0.613919132602915,1.7160626371959944,0.038872853577147,0,train
GSM1447761,1.0872295404480503,1.00201358747585,0.7476314733888871,0.3776786330808517,0.1637122400817967,0.8234391879252289,0.1269500293881777,-0.0958624112933489,0.3452812766106559,0.3619512608701505,0.6683997612341316,0.5452998901482523,1.1338182231291476,1.131657665023221,1.2115629543460862,0.2499845431139311,1.3606603969208126,1.1273004149977512,1.4179665348364294,-1.0343768282974657,1.3594669315984311,-0.3518909695203009,0.070323437855348,1.4765092636970474,0.9811644555296644,-1.03753803113429,0.7118398483316833,1.363488155806181,-1.686016261679158,0.527373787600752,-0.4628437963618091,1.0464679575758908,1.46578928625124,0.2880587309301577,1.1012958914082471,0.2816895269588632,0.181691015371648,1.0244628155662816,0.6802106067765961,-0.0113885357000078,1.1400650896457922,0.9204543964890288,0.603972333709497,-0.2707702255503151,0.5887851656621798,0.7340189750369616,1.1193902922554082,0,train
GSM1447762,1.685958747335572,0.3980566559549871,2.43735243634815,0.9564570812944934,0.2399284434095295,2.0020793979417584,1.231790454136235,-0.0445715361742319,0.5550756605375292,-0.2672328300101956,1.5581870036719638,0.8015119359954833,0.7810971431967775,0.9287516226547268,0.0980382684331398,0.2552276418955147,2.259386137526176,0.7225648125140447,0.7996419047181723,-1.0263029597594475,0.8922786076770861,-0.5542180391267217,0.8525473722539451,0.6530011364265828,0.7433371030619622,-0.2253967206428122,1.2245110353089417,1.3657447076857954,0.9838326567455312,1.0008182329069066,0.191969448351769,0.6687176101782951,0.5667905303611158,0.2297499734473292,1.0638065286014802,-0.036225712079974,-0.5609550785814889,0.57062163460593,0.8266577289584159,-0.3182682264186629,0.643064759006663,1.3255464046480767,1.0528313946165502,-0.7828157883120611,0.4566494916375394,0.5243353052364913,0.3755013741111245,0,train
GSM1447763,1.1508547150219293,1.3772531011426572,1.744333239558407,1.009741446368133,-1.1755153326768797,0.7951169647640175,0.0378499951343027,-1.0532920801835164,0.2840912479653181,-0.434655206124279,-0.4088583781953196,0.0291445550676633,1.2464339896135797,1.1326474505957502,1.190583503741929,0.2578491912863028,0.9121437843776468,0.9694728953689375,1.180235223978687,1.924695990887277,1.271142770857082,-0.0884840298440163,0.5500559414291097,0.2492578522395077,1.3668048238737058,-1.3747429027418625,0.9033042719693816,0.3164480836651572,-0.557911084879992,0.8139322676544758,-0.4560931443544606,0.4916471348356721,0.902732170720056,0.2933595270649609,1.3862150487396652,-0.4769220089545035,-1.3827242143202896,0.703615387268304,1.6600749879203986,-0.1095900367299767,1.7538391369393873,1.2413337291168045,1.6267595437020372,-0.1959507825896942,1.0633949335874184,0.1004424188053271,1.1659772750078792,0,train
GSM1447764,0.9273508966470232,-0.230916243143662,0.9534236907341568,0.9840179597808588,0.3088859607060484,0.7646161090519444,0.7952002862922447,-0.740417741956907,0.8278083596424681,0.3673519826802814,-1.0076460193327297,0.3798814333633872,-0.0029635706287914,0.4863174717341573,0.0286447010501592,0.9446951316732952,1.2811121675263648,0.6944850697579982,0.7895969197523521,-0.2794701199924903,0.9550352482038328,-0.1762863430694428,0.8549105865572613,0.9077439228779518,-1.1393838106962997,-0.8855583706914398,-0.4898513368680826,0.6210825874130839,0.1603158776821445,-0.1454156873079932,-1.2121661691783965,1.6603122720969836,0.675616695547815,0.7068216255795772,0.6919120495583638,-1.0689021092337203,-0.4929370251166239,0.2497742063079507,-0.0067595300035688,0.5624764859438723,0.3340416307869178,0.2351374507862639,0.3093651482225158,-1.2340705536683014,0.120917013758607,0.9090067858056978,-0.2872360256901465,0,train
GSM1447766,0.4411893063132863,-0.1499121576536847,-0.5694387176208334,1.08507451423086,0.4504303383146886,-0.196160845878352,-0.3497351538700577,-1.3507791558743916,0.0777934371038903,-0.2672328300101956,-0.8565500725036641,0.4134626238385122,0.0926535895938384,0.217095796006204,-0.3393025864689012,1.7678616403813705,0.2402151233224133,-0.0036354311768155,0.0551969078068408,-0.2835070542614994,0.4529821239898511,-0.9588721783395632,-0.3597815653487123,1.1512716181019031,-1.4321672844513582,-1.081865432096788,0.1626392647393377,0.103203931041609,0.1603158776821445,1.2344256894724397,0.4889981366754612,1.2302839748363272,-0.0558843974027813,0.5654670619848369,0.2855273567330245,-1.007511580315876,-1.5742852628539956,0.3794431151537646,-0.0120848799010888,0.5594076890366879,0.389580349683554,0.4689002225196237,0.263506482557089,-0.509257199987293,-0.0988596685476833,1.0281795190016478,-0.2541742959948442,0,train
GSM1447767,0.13040479974088,0.5159890745359841,-0.3024650302539982,1.3496589476999532,-1.2335848209265774,-1.207046349478481,-1.969128276434247,-1.251616797310768,0.0183516949912738,-1.1975071618053843,0.2360974689176362,-0.1549301186478236,0.8660901745057834,0.7060498688356491,0.3110603822599637,0.5593273712271573,0.069271055900301,0.3323532149041554,0.9860321813061668,0.0394476872593459,0.9108731678331594,-0.5122256284536909,-1.1845433572070516,-0.4140346860678316,0.62394966716184,0.2859515118888576,0.7848986415618568,-0.3108733388676111,-2.3816811207053097,-0.6686963900147944,-2.049247018090604,0.1459381115476936,0.4097023267003147,-0.0299890371580075,-0.5527347956262563,0.8561294761186985,-1.547910915592108,-0.1841179117530495,-0.58455999388456,1.2682997745967797,4.157668816363027,-0.1975414683226827,0.8388242881778933,-0.1959507825896942,0.381143392194888,-0.2148373437004158,0.9676068968360692,0,train
GSM1447769,0.4085610116600154,-0.84797677672908,1.8733705217857104,2.3087775190254205,-0.8198397171474731,1.256987065546835,0.7306027614581847,-0.1847665948331504,0.4204575975177843,-0.8424097027892239,-0.6480936273413413,0.5154499430592531,0.2169558978832582,0.5922245279947852,0.0060514465533747,-0.5967759101112542,-0.0255098131654249,0.1086835398473698,1.9927628967694664,0.1928511894817531,2.099762857812105,-0.6515640820505655,0.1081348667084526,0.236440605122457,-0.041208904281692,-0.7414943175633238,2.4186444143124803,0.2893694611097864,0.1603158776821445,-0.2731210968971548,0.4957487886828179,0.7968829066167659,0.5431326683640071,0.1696742839195629,-0.0908658458469019,-0.632590850139038,-0.6872743207305282,-0.5415386220331809,0.6881986316228781,-0.7325558088888426,-0.5531538018439638,0.2917632153676386,2.1867911274343665,0.0589029449949181,-0.4709968729436091,-0.1907010939392106,-0.3698903499283996,0,train
GSM1447770,0.4167180853233328,-0.0450833411372435,0.5017932029385939,1.035464932955403,-0.2972143229001823,0.7951169647640175,0.1648175439460743,-0.0428618403369291,0.8977398209514248,-0.5278176573490512,-0.838362597422388,0.8413118654474799,0.7949085107844915,-0.0164935991106956,-0.4780897212348639,-0.0986815258611412,1.1457109260038991,-0.2379560431410669,1.6311434379999437,0.6692094332249945,1.661628534134625,-0.6515640820505655,1.6040495207093914,-0.4893360128805006,-0.1871268814929516,1.508121281283441,1.5066691333013391,0.2318273881796224,-0.3134882965735116,-1.1141079405330854,0.779276172991805,-0.8743251035217054,0.332104539349799,0.9806960925443892,-0.3367960658592859,-0.6939813790568825,-0.8718947515637379,-0.5415386220331809,-0.3475819234448924,-0.950440389299093,-1.268036798923742,-0.1176846208361304,2.2548842976648475,-0.1959507825896942,-0.3604343701882973,1.1579118614681263,-0.0317590234991804,0,train
GSM1447771,0.5170500913821413,-0.2559322107214494,0.4328250003688276,2.641345452760879,0.0366852345355866,-0.0414779347671251,-0.4121051778477708,-0.7028044335362226,0.1459766118801226,0.6400884340919332,-1.91981784648598,0.4147063716338863,0.3455078577381278,-0.5410799525511925,-0.7362983440552578,0.118907073574432,0.6531889099659322,-0.2156859023345475,1.9213318925680791,-1.0222660254904328,2.0404926973146207,-1.3501650959746243,0.3208241540071622,0.5969256802894887,-1.0749524960835353,-0.1367419187178162,1.5293425518900143,0.756475700189941,0.5777147930978294,-0.9832877648563844,-0.8273790047590679,0.9233618175757824,-0.1457842729917936,0.7757319753320138,-0.7206871410005665,-1.9152144007440093,-1.1578482008241986,-0.430156354178443,-0.8082246895804276,0.1082945436802653,-0.7197699585338718,-0.5939218203922879,2.2118049450700523,-1.0867697753395789,-0.9712247817511768,0.5348949145070185,-0.305269696433037,0,train
GSM1447772,1.382515607060153,1.0913563288250905,1.5607888294937078,1.265138920341771,-0.2355154916348796,0.8277964530269522,-0.3497351538700577,-1.089195692766899,0.895991534418702,-0.1187129802315725,-0.2591614679109683,0.1087444139716577,0.9393966640097996,1.211830296398088,0.8936435874984765,0.2552276418955147,1.0627776655713894,1.129236948980927,0.8152674368872256,-0.8688625232680367,0.494819884341016,-0.8481649138379372,-0.0502004916139232,1.1272392797574344,-0.027943633626123,-0.6892513092860931,1.3454359344485411,1.351077120468303,-0.557911084879992,0.1286837283955707,-0.4560931443544606,1.3095440923706458,1.0011488766280283,0.4983236442773346,0.9693333343284312,-0.4177239989265818,-0.3083165942834129,0.4442775695766715,0.2728213396162667,0.6668155807882181,0.8224975431342568,0.9248102245337492,1.739321723062629,-0.509257199987293,0.8018202319468037,0.0566954661131415,1.0547696387600478,0,train
GSM1447773,1.1598274960515789,-0.5370640368337244,1.6275322513354158,1.884339990335414,0.7262604075007596,0.3702836173458596,-0.3853751675716073,-0.8139346629609758,1.3120837292070016,0.7508032311996345,-1.7071642916895164,0.728130816068364,-0.0316487186955803,0.6476525200564223,-0.6991808545248254,1.1124742926838598,1.5163718246716476,0.4679105937264498,2.915785404184265,-1.8700222219826537,3.064355665908416,-1.2146441342571164,-0.737895853879757,1.1945298271219464,-0.0563692136023424,-0.266557878679417,2.873372420452017,1.2788674603206454,-0.561671435469326,-1.3695187597114036,-0.8341296567664165,1.334839874562448,-0.1079316937964196,0.842875393039516,-0.4687586229391011,-1.3605071215934834,-2.1753427557170024,0.246449362491389,-0.4993543955242301,-1.073192265586551,0.1061904763391795,0.4050147445303821,3.720971942423176,-1.7928782682804298,-0.9469549640731814,0.6465250696525919,-0.6358869933860521,0,train
GSM1447774,0.5423370197384263,-0.0343622121753341,0.2848770819530397,1.5627964079945005,0.1056427518320987,0.054381897470819,-0.5368452258031954,-1.18664835549322,0.3505261362088276,-0.0296010703643995,-0.9488864844547594,-0.0753302597438292,1.0679486238646705,0.5407556782232652,-0.0197694157286655,1.395601626889185,0.4957849666960659,0.4708153947012135,1.5876151698147234,-1.1716325934438254,1.5361152530811284,-0.5122256284536909,-0.8135187115859644,0.7891843870452394,-0.578452365832238,-0.4327856322887847,1.252222991361766,0.5454880994460071,-0.3134882965735116,0.770325542428908,-0.4560931443544606,1.365194813192613,0.5090653470881714,0.2315169054922619,0.209049056607222,-0.4462267444955805,-1.817206882371377,0.3811055370620431,-0.58455999388456,0.6698843776954025,0.7000275476185978,0.5618245541403375,1.1890177350775133,-0.6729247314636501,0.4472112292072088,0.4353328842420473,0.5828885876543802,0,train
GSM1447775,0.9999488522505516,0.4337937524946834,0.5863348706047581,-0.4381233701155214,0.3052566176904436,0.5620032818217462,0.5256726826742714,-1.0550017760208217,-0.7788669639308493,1.1923122391779026,-0.1668250559598716,-0.3738297306338073,0.7099154794754866,0.7060498688356491,0.0496241516543164,1.117717391465441,0.998462075848218,0.678992797892593,0.9279944903925396,-1.3209991613972123,0.415793003677704,-0.3480734776409326,-0.3314229937088848,1.031109926379559,-0.9697778501715244,-0.0322559021633579,0.7710426635354451,1.7346909400027288,0.5739544425085017,-0.0083659794562137,-0.4560931443544606,1.3095440923706458,0.6652072362690872,-0.7084909424127638,0.2570354409998821,-0.0669209765388971,0.4440463644504199,0.6371185109371154,0.4805099856195724,-0.3182682264186629,0.8694918437391035,0.855116975818214,1.205693613501304,-1.1382081423750057,0.2355244861269172,0.1396638246672846,0.5393072166923916,0,train
GSM1447776,0.99016036385457,-0.3655259734431839,1.1225070260664858,0.2251751054563043,-1.0557470131618765,0.7297579882381463,0.9667178522309554,-0.4378015787541223,1.0323578839711698,-0.7749006801625773,-0.8201751223411112,0.2555066538258975,0.7821595560881413,0.6476525200564223,0.0512379555469436,0.0455036906323107,-0.204916458182691,0.6528495891197222,1.1065720008960074,-0.860788654730013,1.0480080489842003,0.2818126824545275,-0.2439840644860822,0.3085376201558635,-0.6116155424711605,-0.624343329305292,1.0343062460372807,1.2822522881400678,0.1603158776821445,0.4962261267253465,-0.1050592399719071,0.9233618175757824,0.5090653470881714,0.9806960925443892,0.4189894883251117,-0.2247823366133543,-0.0306918862635487,0.0552708430392252,1.0183703252691596,0.1082945436802653,0.8823084711767878,0.62280614676643,0.7665621483414636,-0.0065640675956258,0.2678842430309114,0.3342623383670005,0.2432544553299191,0,train
GSM1447777,1.1728788139128872,0.1872077863707812,1.5830366367742763,-0.1184171796737007,-0.3625424971810965,1.357204162886504,1.136007917313319,-0.8105152712863676,0.8278083596424681,0.3133447645789642,0.1311697280641187,1.055236486251965,1.096633771931458,1.211830296398088,1.1147347207884393,1.3038473982115324,1.008617168962404,1.057585191603429,1.1367069557934677,-1.1716325934438254,0.7121438061651243,-0.283176115691704,-0.1872669212064253,0.952604287787628,0.7291243130738515,-0.6607551229530589,0.6740508173505582,1.7685392181969433,0.1603158776821445,1.147212239021309,0.4957487886828179,1.537206132096875,0.921658460317744,0.4311802265698358,1.0383137618928788,-0.4462267444955805,0.1483760504092645,0.8316218742058393,1.436410292224531,-0.416469727448629,0.72423673277867,1.2413337291168045,1.036155516192758,-0.0720310801861699,0.6427180938355026,1.1337756117069204,0.3379312267301005,0,train
GSM1447778,-0.0156068188325068,-0.3131115651849627,-0.7051503420323083,1.4562276778472267,1.343248720153809,-0.3508437569895773,-0.7662778140069253,-0.9575491132945012,-0.305081313562656,0.8183122538262804,0.5256980336733457,-0.1300551627403254,0.2339545041450594,0.7060498688356491,0.2142321487023167,2.1217708081380264,2.047821697647324,0.4834028655918549,1.2717561981117145,-1.7327664568362913,-0.0339629200973225,-0.6324766226537325,-1.307430500979641,0.6802377865503145,-0.0421564236142331,-1.108778496966876,0.6135883677807584,0.1934660062261794,-0.557911084879992,-0.1018089620824255,-0.8273790047590679,0.7429185712742513,0.6472272611512845,-0.3939770384144639,0.0890830956255718,0.4548985192627846,-0.9163147048469168,1.0277876593828434,-0.1691827018779486,1.0258648189290407,0.326921282210426,0.1494728325734193,-0.0477765813536836,-1.2364086612608187,0.478222662906868,0.1155275749060801,0.180136607729797,0,train
GSM1447779,0.3375944707891514,-0.2571234472727729,-0.0710878345360742,0.4989464984208527,0.3052566176904436,0.5315024261096731,-0.5413002275158894,-0.0445715361742319,0.5550756605375292,1.228767111396292,-0.5221803383171201,0.4470438143136337,0.1107146087470023,0.8357117788369776,0.1222453268225516,0.7087556865021928,0.1268165835473488,0.6518813221281334,0.5864650015546571,-0.2835070542614994,0.3460634030924281,-0.3251685263647347,-0.6835419249034197,0.2941182171491824,0.5235126179125322,0.5550821605897389,0.6551563018599962,0.5443598235061989,-0.557911084879992,-0.0083659794562137,-0.4560931443544606,0.0194592005886769,1.0125046503866406,-0.0317559692029419,0.2855273567330245,-0.6040881045700395,-0.5609550785814889,1.1657686777700544,0.4112804369518024,0.2187712323389799,-0.1401735844074377,0.5908634077718098,0.2537788868098776,-0.3923518203613262,0.3272104640215652,0.3327538227569262,0.453647280663656,0,train
GSM1447780,-0.3059986412466177,-1.3197064510530667,-0.5305050548798368,1.671202530040867,0.0366852345355866,-0.0414779347671251,-0.3809201658589134,-0.1847665948331504,0.8278083596424681,0.7872581034180226,-2.314346152095208,1.3599546961188171,-1.1535567319744446,-0.1293291543790284,-0.292502273582705,0.8634271005588021,0.1623594094469958,-0.1285418730916442,0.8007580141588185,0.354328560242173,0.4285767637850046,-0.5122256284536909,0.1388566526515999,-0.4076260625093067,0.5813112971975113,0.2527059611669847,0.9939979463240808,0.1043322069814162,-0.557911084879992,0.1349132605706493,0.779276172991805,-0.0479962185894659,0.3860444647032069,0.5000905763222707,-0.8466514000312989,-1.5512562650167865,-1.965736101162005,0.1217677193704153,0.057144668766679,-1.1744625635237065,-0.9675580889957868,0.3469370372674352,1.0167003246983342,-0.2614177951802383,0.1694566491145964,1.2695420166136993,-0.8387657892435849,0,train
GSM1447783,0.9379550924093364,-0.1642069962695627,1.1113831224262014,0.7984413779726736,1.4230942664971464,1.45524262767531,1.2006054421473793,-0.5933838999487735,0.1459766118801226,2.379120856954348,-0.5991273482763664,0.7306183116591122,-0.0953934921773342,1.1326474505957502,1.0404997417275756,1.4952205037392048,0.4771672959867273,0.5676420938599946,0.2750704676142355,-1.1716325934438254,0.1554691614926753,-0.6305678767140501,0.1672152242914293,0.8036037900519214,0.5661509878768609,-0.863394670210192,-0.2794923977398212,1.8001309445115437,0.7807737249216803,0.2252414771093242,-0.4560931443544606,1.129100846069116,0.6926503561857333,0.0353874485045602,1.230259299463519,-0.7838746535437272,-0.1459061400917926,1.6312468120883696,0.653583857288992,-1.281870455275237,-0.339543344549209,1.369104685095285,-0.2576147181863931,-1.0353314083041525,0.738449041343149,0.6012696013503329,-0.0678263649849637,0,train
GSM1447787,0.7389224950243838,-0.2964342534664383,-0.0655258827159316,1.8880147741335969,1.502939812840484,-0.379165980150787,-0.3163226410248533,-0.9558394174571984,0.1459766118801226,1.3475829912191892,-0.838362597422388,-0.0753302597438292,0.0055357325021091,0.356655561732827,0.0512379555469436,1.4952205037392048,-0.064437670103134,-0.048175712789855,0.6076710809269436,-1.86194835344463,0.8155760470332822,-1.014225810590378,-0.0761958489504328,1.6911981529076348,-0.1473310695262446,-0.7699905038963574,0.2747467233166737,1.4537502309907526,0.7807737249216803,-0.1859076464460193,-0.1050592399719071,1.0768228962060558,0.0747070008212578,0.1060647303019295,0.6574218357761408,-1.0053190614259533,-0.8718947515637379,1.0959469576223089,-0.2277615507506744,-0.7325558088888426,-0.0718182380731158,0.2351374507862639,0.2009719384678714,-1.4257953762548872,0.8530565137114605,0.0838487470944983,-0.5111541040810521,0,train
GSM1447788,0.99016036385457,-0.1022626956007562,1.3894807134333211,0.6202143637608538,0.9621677035151608,2.121904188239186,0.935532840242098,0.0015902514329715,-2.3523248433824104,1.8647021045393009,0.1045880337145623,-0.929784995166393,-0.0465224991746571,0.9287516226547268,0.0060514465533747,1.3038473982115324,2.648664706903262,0.3614012246517899,-1.2673927793594673,1.6057781836354463,-1.4297170918125857,-1.6021195600128082,-0.3574183510453944,-1.630071006297953,0.0014294656826366,-1.0929472823374125,-1.5429056668754235,1.4244150565557665,-0.557911084879992,0.2252414771093242,0.4957487886828179,-0.1913389843430174,0.9718131277516135,-2.4630544630324844,0.4924686394263716,1.0534561762117711,-0.0112581567021581,1.0959469576223089,0.1822903913584148,-0.7325558088888426,0.2870473301820717,0.2917632153676386,-1.0511085998518004,-1.1826321866328748,0.5483354695321874,-0.4411146852117127,-0.1369554361660482,0,train
GSM1447789,0.9575320692012992,0.1085861739834496,0.6486287309903531,0.6183769718617642,0.5919747159233288,0.8277964530269522,-1.3276080298063435,-0.5574802873653945,1.238655694832596,1.0073375171808905,-0.3249161855125059,1.275379846033324,0.7216020212804743,0.3556657761602977,0.0028238387681189,2.302657716102541,0.4940924511770357,0.2752254624004744,1.7940954163343592,-3.008437685843636,1.3338994113838307,-1.7739066945842998,-2.004578720458752,1.67197228223206,0.0838636476136729,-3.2190794070743607,1.36055154684099,1.2010164204739533,-0.557911084879992,-0.8555823552672228,-0.1118098919792718,0.5388659282603718,0.0236060189075039,1.5408135507885456,-0.1283552086536682,-1.3298118571345603,-1.159236324364298,1.553112982399221,-0.3209551739572863,-1.8710794614550528,0.3326175610716199,0.4369574835250023,0.8735657015607915,-0.9394689970108604,-0.1581858895383389,1.6300772474217005,-0.1564919128041804,0,train
GSM1447790,0.845780160013846,0.1621918187929937,0.7198217142881758,2.7019793854308785,-0.2972143229001823,-0.1329805019033426,-0.5680302377920529,-0.5933838999487735,-0.4222165112551614,0.9060739832409204,-0.7390310027477245,0.0291445550676633,0.9160235803998232,0.5407556782232652,0.1932526980981608,0.7847806188351022,0.2182124215750125,0.4427356519451669,0.7014242739412655,-0.5741663216302607,0.8818191675892946,-1.1039368697554903,-0.7308062109697996,0.3037311524869698,0.7603924510476933,0.651652569829466,0.8579574347920315,1.228095043029324,-1.031715259135642,0.3560616527860251,-1.6239559416271436,0.1206423293558912,0.9320679195964718,-0.6395805926603289,0.4504805530827936,-0.3190606488800462,-1.1578482008241986,0.9629532049599332,0.1183861925881669,-0.416469727448629,-0.3537840417021918,0.4993910188326681,0.426096297189055,-1.4257953762548872,0.1694566491145964,-0.3370271081165158,0.3965406566444985,0,train
GSM1447791,0.6385904889655754,0.1562356360363782,-0.4203784088410164,1.1401962712035871,1.042013249858496,0.5968614026355442,-0.8865628602496576,-0.7028044335362226,1.2404039813653187,1.431294179276231,-0.7124493083981661,0.8413118654474799,0.4910584238547996,0.6476525200564223,0.3336536367567481,1.031206261569367,-0.276002109981985,0.3885127004162495,1.1121525480992405,-1.9992041185909928,1.0805485292573296,-1.502864771149282,-0.9883965700315712,-0.3435398269240564,0.9138905829192768,-1.5235563202588205,1.1980587136221543,1.381540570843095,-0.3134882965735116,0.4962261267253465,-1.6239559416271436,1.102118678397858,0.2951982746343094,1.3959251231039398,0.7144056672424242,-0.8847305224801872,-1.3313636433366145,1.3885332134795332,-0.1026158281589407,-1.3892783470267642,-0.4207153183212153,0.7868756697842523,0.7484966133823563,-0.5606955670227197,0.0265343894552917,0.3342623383670005,-0.0678263649849637,0,train
GSM1447792,0.7756293265093134,-0.0105374811488707,1.0235042836679509,2.051542653152689,0.5193878556112053,0.6927212348734885,0.5234451818179243,-0.0462812320115373,1.4659329440867122,0.3579007195125513,-0.1094645576266157,1.484329475656308,-1.124871583907655,-0.0174833846832249,0.0964244645405113,0.939452032891714,-0.3792455566428647,0.2200342438799691,0.4514157592364104,-0.2875439885305141,0.240306842204761,-1.1783779614031349,0.6445845135618696,1.2714333098242467,-0.2581908314334996,-1.0153743306530425,-0.4835531650378948,1.4086191933984669,-0.0690655082670188,0.3062253953853762,0.4889981366754612,-0.0277595928360227,0.4399843900566139,0.4276463624799653,-0.3030556393331963,-1.5578338216865546,-0.1667279931932826,-0.06941080008175,0.2062544658972567,-1.1806001573380835,-0.3765691571469662,0.1741558581601702,-0.33404582762877,-0.0135783903731835,-0.6584137983459053,1.6858923249944868,-0.5607466986240031,0,train
GSM1447794,0.9069582124887284,0.1383670877665292,0.556300330775989,0.6679865531372191,0.6645615762354569,0.5010015703976017,-0.6660402754713156,-0.6669008209528423,1.2404039813653187,0.9668321036049022,-0.4396371821790185,0.9246429677375988,0.8660901745057834,0.7684063599049892,0.3336536367567481,0.7847806188351022,0.533020308114744,0.737088817387862,0.4793184952525763,-1.7287295225672823,0.7179546062138975,-0.748910124974411,-1.1845433572070516,0.4655488973397264,0.7291243130738515,-0.1937342913838863,0.3490651509128856,1.0441860648407608,-0.7835321202398277,0.6332758345771284,-0.8273790047590679,0.3432452126437597,1.0550888019814362,0.7757319753320138,0.9078507793253342,-0.0011454098412055,-0.8566253926226456,1.0294500812911218,0.025192569381555,0.1082945436802653,0.3910044193988525,1.001763186657152,0.442772175612847,-0.9371308894183372,1.0215969142530936,0.8863790516545691,-0.0152281586515292,0,train
GSM1447795,0.5920951690846648,0.7113518689529885,0.2492805903041284,1.507674651021775,0.1673415830974081,1.6927135757193044,-0.5123427163833806,-0.6344166000440687,0.4152127379196126,1.3988898484154402,-0.4928005708781354,0.6186810100753705,-0.0231494155646797,0.5912347424222559,-0.1585565504946255,1.2986042994299511,0.5059400598102516,0.6915802687832345,-0.6780869946980241,-1.1797064619818491,-0.1490167610630272,-1.144020534488837,-1.2152651431501973,-1.630071006297953,0.277157591451965,-3.2190794070743607,-1.5429056668754235,0.4360453332847136,-0.561671435469326,0.2190119449342431,-1.6307065936345002,0.4376827994931591,1.08442455085785,0.2898256629750955,0.4264873608864636,0.1194431291045605,-0.889940357585029,0.8282970303892793,-0.4700649710878661,-0.7386934027032197,0.2372048901466287,0.5894114650902365,-1.0511085998518004,-0.3946899279538435,0.6144033065445081,0.7264763969865843,0.0899682540153397,0,train
GSM1447798,1.0007645596168824,-1.432873923428771,0.4328250003688276,2.38962276258542,0.6645615762354569,-1.4902685810905871,-1.1226779510224285,-0.4788342788494135,0.8977398209514248,0.8723194719275983,-1.697371035876522,1.3599546961188171,-0.0635211054364572,-0.0758807334624498,-0.7362983440552578,0.8634271005588021,0.7987452446025823,-0.1847013586037373,2.183617611120047,-1.316962227128203,2.4019244603482983,-1.048583237504674,-1.4941244309418429,1.0102818998143526,-0.6912071664045744,0.2432072323893081,2.241035968701195,1.1084977934097675,-0.0653051576776911,-0.4070560386613926,-1.2121661691783965,1.1543966282609186,-0.4930816871093469,1.3959251231039398,-0.7716726744177677,-1.5271385572276333,-1.1578482008241986,0.3162710826391361,-1.6256658988498505,-0.8307573099188142,-0.8749935575013941,0.592315350453382,2.8760607689510773,-1.1358700347824884,-0.0975113453433509,0.7596637404082404,-0.2526714900996024,0,train
GSM1447799,1.935565201433095,0.5898457407180223,2.5018710774618023,1.1126353927172234,1.6662602485427616,1.555459725014977,1.5102280611795962,0.2973676312865413,-0.4816582533677763,2.4020739246474085,0.4697365718848032,0.0291445550676633,0.7003537634532233,1.3890019138808232,0.8710503330016934,0.8634271005588021,2.5589613843946286,1.057585191603429,0.0473841417223142,-0.860788654730013,0.3634958032387476,-0.7679975843712422,0.2901023680640167,0.717087372011833,1.5676789223723226,-0.1937342913838863,0.2860834326110112,1.8170550836086503,0.5777147930978294,0.4495046354122394,-0.1050592399719071,1.0768228962060558,0.9718131277516135,-0.3922101063695312,0.7144056672424242,-0.354140951118813,-0.4776676661755303,2.390973624172183,0.4485578862344485,-1.7820843511466424,0.6373684801454698,1.2834400668824406,-0.0672317728481076,-0.0720310801861699,0.6049650441141775,0.0416103100123885,0.2808246027109431,0,train
GSM1447802,0.5937265838173277,-0.7562515622771939,0.8188244566867102,1.9449739230054155,-0.6274845373203466,-0.006619813953327,0.4922601698290669,-0.3164131743055486,0.8278083596424681,1.244969276826687,-1.2119053548609124,0.2555066538258975,-0.2664419676867068,-0.5410799525511925,-0.4554964667380794,0.4806808895034597,0.6396487858136859,0.1832400981996317,0.1456017724992215,-0.4328736222148919,0.1554691614926753,2.480688004969597,1.3275534472210655,0.1130746016208509,-0.1605963401818136,0.6326551122741091,0.2860834326110112,1.1479874513030175,1.4463557792331856,-0.9832877648563844,1.076304861315481,0.2926536482601518,-0.3189598228106277,0.6379112758271422,0.0440958602574543,-1.1302926381515666,-0.9301959402479096,-0.1242707230549812,-0.1958094513655526,-0.6282167140445051,0.4379987200036985,-0.2744944304460859,0.0356028107652733,-0.2614177951802383,-0.6786386464109009,0.6103206950107837,-0.7230497353100295,0,train
GSM1447803,2.031002963293912,0.4337937524946834,2.3149894963050177,0.8756118377344938,1.2670325168260783,0.6948998674243483,-0.2873651298923446,-1.50465178123174,0.2141597866563565,1.7850414578398597,-0.6858676140486084,0.7293745638637381,0.5994245387737799,0.8357117788369776,0.2384392070917284,1.9487485483458828,2.0173564183047694,0.8958846040082635,0.9625938830525868,-2.281789517421733,1.181656450105979,-0.9588721783395632,-0.0785590632537508,1.6463377879979602,0.2354667408201759,-0.8000698116923386,1.352993740644765,1.9107019866126431,0.3633748095059954,0.2221267110217849,-0.4560931443544606,1.3635084277131604,0.5421863538841227,0.3587360127275304,0.6784158789479298,-0.8233399935623411,-0.0917693220279179,1.4683294650769576,0.022529894432795,-0.8368949037331885,1.2568388063002571,1.1208224865461915,1.4600007594641224,-1.2364086612608187,0.6535046794701669,0.1638000744284899,0.5813857817591396,0,train
GSM1447804,0.8262031832218834,0.3706582152745539,1.3772444194290083,1.1126353927172234,0.7335190935319669,0.8299750855778155,-1.00684790649239,-1.251616797310768,1.5481024111247368,1.61086817946311,-1.751933461120351,1.627360472124423,0.1032777185074644,0.8357117788369776,-0.0197694157286655,2.213525036815679,1.5129867936335863,0.794216569891543,0.9056723015796058,-1.5914737574209226,1.1618997299401508,-0.7279139196378956,-1.5153933596717146,1.1064112531922283,0.2790526301170457,-1.1958501774289252,1.184202735595742,1.1344481400253323,-0.7835321202398277,0.5398328519509118,-1.6239559416271436,1.419159148535126,0.4835148561312939,1.466602404901309,0.5464533218681138,-1.891096692954856,-1.610376474896578,0.9629532049599332,-0.9200570374283636,-2.3989125294911395,0.960632305518198,0.821722294142018,1.8588321850998013,-0.3900137127688031,0.1694566491145964,1.6315857630317765,0.2041815020536534,0,train
GSM1447805,1.3352045798129095,0.2860804201306068,1.4028293978016626,0.4787351875308511,1.3468780631694135,0.054381897470819,-0.6994527883165199,-1.5029420853944346,0.3505261362088276,2.1333880145933555,-0.3235171489677917,0.2555066538258975,0.8416546780044444,0.9287516226547268,0.7968153539408296,1.59746092998002,1.2811121675263648,1.1302052159725149,0.9402716942396532,-1.7287295225672823,-0.0420980401656048,-0.6305678767140501,-1.3759637157758928,0.4447208707745202,0.9480012788907412,-0.7114150097673425,0.7786004697316702,1.3082026347556317,-0.7835321202398277,0.6332758345771284,-0.8273790047590679,1.3382126455213548,1.0238604241452527,0.9100188107470182,0.7608924771228144,0.2246840358208659,-0.7636211154359911,1.6312468120883696,0.2461945901286627,-1.3892783470267642,1.7609594855158792,0.9262621672153224,-1.0511085998518004,-0.6168101492431869,1.0081136822097632,0.6404910072122912,0.8834497667025742,0,train
GSM1447806,0.3302531044921648,0.8495353089064802,-0.7007007805761943,1.2669763122408624,-0.2318861486192749,0.4051417381596576,0.0378499951343027,-0.5557705915280917,1.7229310643971325,0.6778934867628557,-1.2202995741291929,0.6584809395273682,-0.1442644851800114,0.7684063599049892,0.5273101038720447,1.031206261569367,1.0983204914710365,0.3488137537611484,1.5083713995288095,0.0394476872593459,1.5279801330128464,-0.1991912943456441,-0.3834137083819041,0.2572686316876631,0.6836433851119004,-0.35679580206736,1.5066691333013391,0.1483349686338937,-0.3134882965735116,0.8139322676544758,-1.2121661691783965,0.2454348548354537,0.5431326683640071,1.1856602097567628,0.6799154534601995,-0.8518427391313398,-2.504328034720541,0.703615387268304,0.5497395342873403,-0.2108603346671327,0.7299330116398626,0.821722294142018,2.220142884281948,-0.3268848077707822,0.4135031490988809,0.3252112447065497,-0.5261821630334614,0,train
GSM1447807,1.0570483678937748,-0.8563154325883419,0.688674784095378,2.1415748562081456,-0.166557974338363,-0.1939822133274887,0.3274251064593971,-0.9558394174571984,0.4886407722940182,0.3970559526360062,-0.1654260194151581,1.4022421211615654,0.2764510197995624,0.3131049965415411,-0.4780897212348639,1.3038473982115324,0.771664996298089,0.033158714503521,1.2728723075523616,-0.860788654730013,1.4257100521544437,-0.884431086691919,0.0183327231823287,0.4719575208982513,-0.3624179580129715,0.1403043372977946,1.2660789693881778,0.9697198528134902,0.1603158776821445,0.2252414771093242,-1.6239559416271436,0.7446049567537054,-0.4874038002300409,1.0496064422968256,-0.2693152128071074,-0.601895585680115,-1.128697606482112,1.6312468120883696,-0.8907676129919996,-0.950440389299093,0.8310419614260477,0.4384094262065757,2.0881255134269336,-0.6168101492431869,0.3595702209255594,0.6797124130742495,0.0043083179866029,0,train
GSM1447808,0.194845681681091,-0.2606971569267421,0.2748655686767835,0.6202143637608538,1.6662602485427616,0.4705007146855287,0.1982300567912786,0.5640801819059471,1.0323578839711698,1.0437923893992802,-0.9894585442514534,0.5154499430592531,-0.0794572988068957,-0.2926437738463519,-0.7976228919750996,1.3038473982115324,-0.3758605256048025,0.0467144523857503,1.2862656208401226,-0.860788654730013,1.482655892632418,-0.4912294231171755,-0.7851601399461369,0.2572686316876631,-0.3084093560581538,0.6421538410517872,1.2660789693881778,0.7102163866578493,-0.3134882965735116,-1.0673864492199785,-0.4560931443544606,-0.0243868218771144,0.3860444647032069,0.2315169054922619,-1.023601192479233,-0.354140951118813,-1.2911080606737324,0.5722840565142084,-0.1665200269291886,-0.950440389299093,-0.5702426384275435,-0.5489115972635061,0.9722313155682238,-1.0867697753395789,-0.1056012845693485,-0.5014553096147256,-0.4330081975285206,0,train
GSM1447809,0.701399956173122,0.0454506367633202,0.5017932029385939,0.524669985008125,1.1908163134983525,0.3746408824475828,-0.4432901898366265,-1.2841010182195391,1.5481024111247368,1.4474963447066265,-1.1895207701454953,1.3189110188714464,0.941521489792524,0.7060498688356491,0.4304818703143964,1.031206261569367,0.2808354957791528,0.4427356519451669,1.731593287658145,-0.4328736222148919,1.9451955765147448,-0.4721419637203425,-1.8509697907430152,0.1130746016208509,1.4094431938380352,-1.0533692457637538,1.606180248218301,0.756475700189941,-0.3134882965735116,0.5834395771764795,-0.4560931443544606,0.3179494304519574,0.6926503561857333,1.3959251231039398,0.6799154534601995,-0.5383125378723479,-0.109814928049209,1.2372528198260833,-0.4354501967539822,-0.950440389299093,-0.1658068392828078,0.6547488857610514,2.371615446631387,-0.0720310801861699,0.2570976573962459,0.8335810053019328,0.2612881260728108,0,train
GSM1447811,0.0292570863157407,0.8435791261498641,-0.424827970297131,1.77960865208723,-0.2972143229001823,-0.006619813953327,-1.510263100026789,-1.2841010182195391,0.7596251848662342,-0.6911894921055359,-2.4682401720137017,0.8413118654474799,0.5016825527684247,0.2685646457777259,-0.6959532467395708,2.12701390691961,-0.8328397157431229,-0.6155801698603137,-0.0530657079358865,0.354328560242173,0.1856853217462949,0.2054628448671991,-1.4255912161455924,-0.3771851006063124,0.4098102980076548,0.3033658479812683,0.0140024095469133,-0.0784484952673398,-1.6784955605004963,-0.4070560386613926,-3.932678928143083,-0.8743251035217054,-0.0890054041987331,0.7068216255795772,-0.195836061705846,-1.0053190614259533,-2.200328979438789,0.1866021737933222,0.4485578862344485,0.2218400292461698,0.0762850123179139,0.0957509533551937,0.100916667925123,-0.7804776807195398,0.0737257016069487,0.3252112447065497,-0.1023909005755054,0,train
GSM1447812,1.2185584264274665,0.6827621917212312,1.3772444194290083,2.474142789943604,0.2435577864251343,1.193806721571827,-0.4744752018254839,-0.4788342788494135,1.2404039813653187,1.2584710813520157,-1.273462962828309,1.1510050664958342,0.178709033794206,0.5922245279947852,0.3594744990387885,1.212093169533882,3.366291286972329,0.7090090746318154,0.7070048211444987,-0.5741663216302607,1.3757371717349958,0.1615616882544842,-0.9387690696618732,1.2265729449145713,0.6988036944325507,-0.4264531464369983,0.7723022979014825,0.7327819054539905,0.1603158776821445,0.9073752502806924,-0.1050592399719071,1.3921769808638695,0.5771999896398436,1.1856602097567628,0.6799154534601995,-1.1302926381515666,-1.449354144245057,0.9629532049599332,0.4485578862344485,-1.1744625635237065,1.1244003227775103,0.7200863064318651,0.4719549628544818,-0.1959507825896942,0.297547353526237,1.0764520185240585,-0.0678263649849637,0,train
GSM1447813,1.418406731178751,1.9240306782000065,1.4751347714635143,0.6679865531372191,0.4540596813302911,0.5336810586605365,-0.1938100939257757,-0.6309972083694606,0.4886407722940182,1.000586614918226,-0.4997957536017028,0.7654432499296101,1.4142952264488642,1.211830296398088,1.4342678915286775,0.4046559571705478,1.174483689827423,1.1302052159725149,0.7014242739412655,-0.2794701199924903,0.4797118042142061,-0.6897390008442297,-0.5488387096142338,-0.2906686825662256,1.246469868641044,1.0015224131406084,0.8642556066222191,1.2156840076914457,-1.2610966450848051,1.0973759816206603,-2.049247018090604,-0.432492107904875,1.0446793427027083,0.5672339940297729,0.9198473754235,0.6566102571357029,-1.2383593661499597,0.703615387268304,0.3100987888989107,0.4550685941923421,1.051772767297293,0.889963600175981,0.6262068382745525,-0.8342541553474878,1.1321594170084053,0.1411723402773596,1.27568210536047,0,train
GSM1447814,1.0325771469038223,0.9424517599096904,1.5429905836692517,0.5007838903199442,0.9621677035151608,2.004258030492622,0.694962747756635,-0.9199358048738154,0.5568239470702521,0.9195757877662508,-0.5207813017724059,0.8823555426948518,0.9032746257034728,1.2929927133454862,1.2422252283060085,0.7847806188351022,0.830903039464168,1.0285371818557942,-0.1256128215779204,-1.316962227128203,-0.7312589259500765,-0.3461647317012502,-0.5228433522777258,0.9397870406705774,1.8604623961273812,-1.0122080877271482,-0.4571008433511072,2.060762686606993,-0.0653051576776911,2.090986363546077,0.1987201003591337,1.5658746852475858,0.902732170720056,0.5672339940297729,1.8990695319362203,0.0317423735076384,-0.5442975961002985,1.4699918869852393,1.399132842941887,-0.416469727448629,1.4049420566912878,1.9019676492328148,-0.6578358003573868,-0.7804776807195398,0.9690123092841044,0.6103206950107837,0.5212735459494998,0,train
GSM1447816,1.1508547150219293,1.6726797658708117,0.750968644480973,0.2472238082453955,-0.1012298000574488,-0.2571625573024965,-0.5056602138143397,-1.2841010182195391,-0.4816582533677763,0.4038068548986702,0.5270970702180605,-0.3489547747263103,1.5481592507605473,1.3890019138808232,1.553689379583109,-1.5169397462785583,0.9527641568343864,1.7392451536812503,0.0741707682978344,-1.316962227128203,0.6540358056773948,-1.6631994300826711,-1.0616562134344625,1.1961319830115784,1.129924990738545,0.1814654953343994,0.9360547654863564,2.110406827958506,-1.2610966450848051,0.1785199857962171,-0.8273790047590679,1.8137733507272584,1.4317219649754036,-0.7067240103678277,0.82237503212591,0.3540426503263246,0.6286667952836296,0.44593999148495,0.3819910125154385,-0.6282167140445051,2.599736547826616,1.4954236983921925,0.3260410266463072,-0.2614177951802383,1.449015370026675,-0.6296791364711278,2.2705396080099978,0,train
GSM1447817,0.1728215827901326,0.6565549875921215,-0.3313871797187387,2.444744519558149,-0.1012298000574488,-0.2876634130145695,-1.2630105049722833,-0.848128579707052,0.2159080731890842,0.607684103231143,-0.0828828632770579,0.5850998196002489,0.4910584238547996,0.4417771209703403,0.0060514465533747,0.711377235892981,-0.8328397157431229,0.2636062585014208,0.718165915550965,0.6692094332249945,0.631954765492058,-0.6897390008442297,-0.0761958489504328,-0.3435398269240564,0.0848111669462133,0.412601228924566,0.7231765576260204,0.0185832355560732,-1.6784955605004963,-0.2731210968971548,-2.049247018090604,0.1965296759312999,0.675616695547815,-0.1554412123483399,0.4504805530827936,0.9854880906241572,-0.841356033681552,0.3811055370620431,0.2461945901286627,-0.6282167140445051,0.420909883420118,0.1770597435233194,-1.0511085998518004,-0.3268848077707822,-0.016611953083366,0.8547002238429873,0.0043083179866029,0,train
GSM1447819,1.5872581560094277,0.7268379441201905,1.6709154755325262,2.760775926201789,0.5956040589389381,0.2156007062346326,-0.4744752018254839,-0.7028044335362226,1.170472520056362,0.0730126440281033,-0.4802092419757126,1.627360472124423,0.5346173524006632,0.9287516226547268,-0.1795360010987827,0.1896889071257602,0.8986036602253998,0.4156241761807073,1.731593287658145,-0.2794701199924903,1.854547095753887,-1.1402030426094687,-0.2156254928462529,0.3501936732862757,1.2853181612752107,-0.0971638821441584,2.0268981264748214,1.120908828747647,-1.031715259135642,0.0383555118568958,-1.6239559416271436,0.4663513526438697,0.6046431095564897,1.6980705027876972,0.1355699055059628,-0.8211474746724184,-0.5928819200037743,0.5722840565142084,-0.4061607723176182,-1.0670546717721765,1.5046269367621738,0.889963600175981,1.5975767564604018,0.1267080651779793,-0.016611953083366,1.280101625884228,0.8413712016358286,0,train
GSM1447820,1.9225138835717863,0.2038850980893061,2.208200021358283,1.77960865208723,-0.03227228276093,0.0238810417587459,-0.1247575673790217,-0.9558394174571984,-0.4222165112551614,1.4555974274218235,-0.3976660858376117,0.4495313099043842,0.5558656102279153,0.5407556782232652,0.1012658762183944,-0.9873867693389684,1.2743421054502413,0.9539806235035324,0.5507494994539635,0.5117689967335838,0.373955243326538,-1.726188046092218,-0.2983379934624195,1.612692514315704,0.2373617794852565,0.1482199446125257,0.4473166314638105,1.353333672347916,0.1603158776821445,0.8637685250551222,-1.2121661691783965,1.5979160093572031,0.7768723448954394,0.1696742839195629,0.1445673525795868,-0.7553719079747286,0.2261109686548268,0.1866021737933222,-0.3475819234448924,-0.6282167140445051,1.5117472853386649,0.9262621672153224,0.1801270904381326,-0.2614177951802383,-0.0354884779440292,-0.0142047675603978,0.5408100225876321,0,train
GSM1447821,0.4836060893625389,0.7399415461847452,0.709810201011919,0.7984413779726736,-0.1012298000574488,1.0914109916812964,-0.1603975810805713,-1.0532920801835164,0.6896937235572742,0.8790703741902623,-1.295847547543726,0.5850998196002489,0.3359461417158655,0.3982265557790562,-0.1795360010987827,-0.4158890021467391,-0.8328397157431229,0.23746304972855,1.0038899323565136,0.0394476872593459,0.0799287608586274,-0.2602711644155061,-0.4117722800217316,0.702667969005151,0.1539800782216799,-1.4966432553887317,0.8642556066222191,0.8602770866521978,-0.557911084879992,1.6673781756405686,-0.8273790047590679,1.2825619246993891,0.9415310643953152,0.6379112758271422,0.8088788615154745,-1.4109350560617129,-1.828311870692171,0.703615387268304,0.9438154267038698,-1.1744625635237065,1.0218673032760273,0.7520290454264853,0.8860726103786355,-0.5069190923947737,0.297547353526237,0.5907099920798049,-0.1549891069089399,0,train
GSM1447822,0.5676239480947113,-0.5680361871681273,0.556300330775989,2.1709731265935988,-0.7545115428665634,0.3419613941846481,0.2962400944705397,0.0015902514329715,0.5568239470702521,0.6333375318292686,-1.4917126638036262,0.8413118654474799,-0.1910106523999652,-0.0164935991106956,-0.3360749786836467,-0.654449996708632,-0.8328397157431229,0.0467144523857503,-0.3265125208943216,1.294934244921634,0.2007934018731042,-0.8252599625617377,0.2286587961777221,0.4783661444567763,0.4960345572688532,-0.0148415660709472,-0.4608797464492197,0.6097998280150126,-0.3134882965735116,1.0537692563950924,0.4957487886828179,-0.3363681355760216,0.215707858324025,0.4311802265698358,0.0620907544047007,-1.656497171733092,-1.4354729088440628,0.3162710826391361,1.324577944376595,-1.49361744187111,0.974873002671182,0.3193501263175375,-1.0511085998518004,-0.1959507825896942,-0.4170639447702862,1.0191284253411963,-0.0497926942420708,0,train
GSM1447825,1.747136799810455,0.8292842875339854,1.6631287429843271,1.9725348014917792,0.52301719862681,1.6600340874563717,-0.0646150442576555,-0.9575491132945012,0.5550756605375292,-0.3320414917317767,1.1021010900953403,0.164713064763528,0.7810971431967775,0.8357117788369776,0.4046610080323561,-0.1013030752519368,1.3860481297062748,0.8503760554036361,0.9101367393421927,-0.1220296835010795,0.9039002077746324,-0.7317314115172605,-0.2463472787894002,1.2409923479212532,0.8617770196295412,-0.7779061112110892,0.6778297204486707,1.294663323477946,-0.3172486471628393,1.383934461674384,-1.218916821185745,1.84412828935742,0.2573456954389364,0.2915925950200282,0.9693333343284312,0.853936957228774,-1.2258662542890648,0.5107744459078617,-0.2597136501358005,-0.6312855109516895,1.0005062575465529,1.0003112439755788,0.5330998504083834,-0.2637559027727554,0.6036167209098439,0.1562574963781134,0.7542084597118525,0,train
GSM1447826,0.711188444569103,0.4754870317909951,0.6341676562579829,2.24998097825451,0.3814728210181697,0.054381897470819,0.0712625079795037,0.0494617348774804,0.1459766118801226,0.2471859224048507,-1.6833806704293863,1.3189110188714464,-0.3471853474302614,-0.0758807334624498,-0.7362983440552578,0.118907073574432,-0.8328397157431229,-0.0946525283860703,-1.2673927793594673,1.294934244921634,-1.4297170918125857,-0.7279139196378956,0.3515459399503096,-1.630071006297953,-0.0269961142935827,0.4031025001468887,-1.5429056668754235,0.3378853265214935,-0.3134882965735116,1.147212239021309,0.1987201003591337,0.021145586068131,0.675616695547815,0.1696742839195629,0.209049056607222,-0.94612105139803,-1.3702311024593947,-0.3719715873886532,1.5509053150212249,0.2218400292461698,-1.268036798923742,0.3193501263175375,-1.0511085998518004,-0.1328218775916734,-0.3685243094142962,1.0870116277945856,-0.4630643154333405,0,train
GSM1447827,1.8213661701466464,1.1425795005319863,1.188138057544167,1.2173667309654057,0.5266465416424214,1.4225631394123752,-0.5680302377920529,-0.848128579707052,0.3505261362088276,0.3133447645789642,-0.3668872818539135,0.3463002428882657,0.8289057233080929,0.7684063599049892,0.240053010984357,-0.027899692309813,1.057700119014297,0.6392938512374929,-1.2673927793594673,0.8306868039854199,-1.4297170918125857,-1.2280053558348984,-0.7851601399461369,-1.630071006297953,0.7774477990334243,-0.7763229897481422,-1.5429056668754235,1.4830854054257376,-0.557911084879992,1.570820426926815,-0.1050592399719071,0.7699007389455078,1.2869358495531,0.5000905763222707,0.8583648204204057,-0.9154257869391068,-0.5928819200037743,0.3162710826391361,1.476350416455935,0.5624764859438723,1.084526370749156,1.2834400668824406,-1.0511085998518004,-0.6168101492431869,0.6427180938355026,0.3342623383670005,0.6730569413688386,0,train
GSM1447828,1.6729074294742636,-0.2213863507330766,1.4539993545469738,2.916954237624517,1.0383839068428913,0.2134220736837692,-0.2873651298923446,-0.9216455007111182,0.895991534418702,0.2998429600536348,-1.6302172817302705,0.5490311335343769,0.5654273262501776,0.1052500263104005,-0.5490970925104718,-0.0305212417006011,0.890141082630246,0.057365389293216,0.8152674368872256,0.0354107529903312,1.6604663741248702,-0.7317314115172605,-0.5795604955573811,-0.0118935577703871,-0.9603026568461168,-0.6116783576017215,1.849289680863536,1.4819571294859304,-0.3172486471628393,0.7204892850282616,-0.4560931443544606,0.7682143534660553,0.2147615438441406,0.2915925950200282,-0.3532913854942626,-2.307675282040232,0.4440463644504199,0.3794431151537646,-0.7842606150415857,-0.4195385243558216,0.2970158181891598,0.2903112726860629,1.932483981471548,-1.3837094395895413,-0.1500959503123401,0.3599071037382815,0.3559648974729922,0,train
GSM1447829,0.5260228724117908,-0.2261512969383693,0.725383666108318,1.4580650697463182,0.9621677035151608,0.8931554295528232,-0.2539526170471402,-0.2736707783729519,0.8278083596424681,-0.0404025139846634,-1.304241766812008,0.8027556837908574,0.0310336418948109,0.0458628919586463,-0.7169326973437267,-0.027899692309813,0.8918335981492763,-0.0249373049917478,-0.8064395803723914,-0.2794701199924903,-0.8916370072962101,-0.1762863430694428,-0.5228433522777258,1.0102818998143526,-0.4240067146281126,-0.9757962940793828,-0.8677416466793287,0.2126466972029014,-0.7835321202398277,0.770325542428908,-0.1050592399719071,0.8997524208634311,-0.512007976707034,0.4311802265698358,0.5254592786963249,-1.577566491695864,-2.3002738743259408,0.638780932845397,1.212745596528663,-0.416469727448629,0.6929071990421053,0.068164042405296,-1.0511085998518004,-1.0867697753395789,0.2570976573962459,0.6314399135518389,-0.2707051608424953,0,train
GSM1447830,0.8359916716178644,-0.3798208120590619,0.3126868410537515,1.323935461112681,0.8097352968597018,0.0238810417587459,-0.4432901898366265,-0.0428618403369291,1.7229310643971325,-0.0579548598675912,-2.883754025793633,2.1932657190200078,0.1404621697051539,0.1626575895170961,-1.3140401376158877,-0.2297589954006453,-0.8328397157431229,-0.4238633055259271,-0.2137854673890076,1.7672555543958663,1.1305214096767775,-1.2108266423777498,-0.2156254928462529,-0.3659700093788945,-1.00767862347315,0.2083785602044874,1.3466955688145774,0.3683487768962867,-1.4754366286766456,0.3560616527860251,-2.049247018090604,-0.8945617292751487,0.0491565098643804,2.1203672615269853,-0.1613458479236222,-2.4194937454263057,-1.7380838405857146,0.0552708430392252,0.8719232030873398,-0.950440389299093,0.5348354606439875,0.1509247752549927,0.6720655039399787,-1.654929920321788,2.600483386527113,1.971001775298723,-0.4330081975285206,0,train
GSM1447831,2.1060480409964364,0.1764866574088718,2.27605583356402,1.6179181649672294,0.8097352968597018,1.1611272333088924,0.0066649831454453,-1.0874859969295965,-0.8435535656416375,1.4961028409978117,-1.4539386770963605,-0.6026793249827909,0.6886672216482357,0.6476525200564223,-0.2021292555955672,-0.1642202606308958,1.6466955196370203,0.5957218366160413,0.3721719889504966,-0.2794701199924903,0.4285767637850046,-0.8252599625617377,-0.7071740679366096,1.252207439148671,-0.4600124492646575,-0.9552157150610804,0.1802741458638624,2.1927709715644275,-0.0653051576776911,0.3560616527860251,-0.8273790047590679,1.002621935110098,0.921658460317744,-0.7067240103678277,0.8838575871290056,-1.3846248293826366,-0.4610101836943386,0.8981187505370264,0.3819910125154385,0.1082945436802653,0.373915582815272,1.001763186657152,-1.0511085998518004,-1.2340705536683014,2.193289778818528,-0.006662189510022,0.8834497667025742,0,train
GSM1447832,1.113332176170667,0.4873993973042268,0.9867954016550116,0.8241648645599475,0.3814728210181697,1.592496478379637,-0.0623875434013086,-0.7028044335362226,0.4886407722940182,1.0775469007126035,-0.4200506705530289,1.6721353927579197,0.7003537634532233,0.6476525200564223,0.3820677535355729,-0.654449996708632,0.4585496252773887,0.6247698463636757,1.7014583327606845,-0.1179927492320648,1.497763972759228,-0.3900658883139651,-1.0616562134344625,0.5216243534768205,0.7603924510476933,-1.2765893720391892,1.3996002121881526,0.6989336272597781,-0.3134882965735116,1.7577063921792433,0.1987201003591337,1.0768228962060558,0.4503938493353417,0.7757319753320138,0.8703614165185701,-0.5383125378723479,-1.0731726648781406,1.0959469576223089,1.1328653480658513,-0.8307573099188142,0.74986998765404,0.9262621672153224,1.4210903764752765,-0.6729247314636501,0.738449041343149,1.4249191244514567,0.9044890492359496,0,train
GSM1447833,0.9583477765676304,0.3373035918375046,1.1113831224262014,0.7727178913854013,0.2435577864251343,1.697070840821029,0.5947252092210253,-0.2309283824403539,-0.8435535656416375,1.4164421942983687,-0.767011733641995,-0.0753302597438292,0.1032777185074644,0.5407556782232652,0.1012658762183944,-0.8799032443165771,0.6582664565230245,0.5114826083479015,-0.7037575118328976,0.9760164376697978,-1.002042208222896,-0.3041723210282194,0.9210805870501952,0.5280329770353454,-0.1065877382269966,-0.2633916357535246,-0.618334042203906,1.2822522881400678,-0.3134882965735116,1.3870492277619255,0.4957487886828179,0.9233618175757824,0.8147249240908124,-1.010636322096521,0.8343716282240757,-0.632590850139038,-0.4776676661755303,0.8316218742058393,1.7798953606146124,-0.2108603346671327,1.078830091887962,0.5618245541403375,-1.0511085998518004,-1.3322710725541145,0.2570976573962459,-0.2691439056631264,0.2041815020536534,0,train
GSM1447835,1.5138444930395687,-1.748551609529419,1.2003743515484788,1.2945371907272245,0.3814728210181697,0.5336810586605365,-0.1247575673790217,-0.2736707783729519,0.4204575975177843,1.9956696084349963,-0.7124493083981661,0.7654432499296101,0.0225343387639103,0.3131049965415411,0.7241941787725944,-0.027899692309813,3.3358260076297745,0.9104086088820807,1.0585792949482002,-0.2794701199924903,0.6656574057749411,-1.0848494103586557,0.9541655872966622,2.0260487338405677,-0.7130001110530085,-3.2190794070743607,0.1651585334714123,1.4830854054257376,0.1603158776821445,0.8637685250551222,-0.1050592399719071,1.3921769808638695,0.1012038062580196,0.5000905763222707,0.0620907544047007,-1.1587953837205651,-1.0301408351350612,-0.6529208898879219,-0.3475819234448924,0.1082945436802653,-1.268036798923742,0.1770597435233194,-1.0511085998518004,-1.1358700347824884,-0.0786348204826877,1.5456003732574823,0.6039278701877531,0,train
GSM1447836,2.090549601036132,1.838261646504736,2.630908359689106,1.5885198945817744,-0.3008436659157871,1.8822546076443292,-0.2249951059146314,-0.9900333342032748,-0.4257130843206103,1.0896985247853992,-0.2591614679109683,0.4134626238385122,0.9393966640097996,1.6364483070131326,1.7005455338122066,0.5567058218363691,2.866999208858238,1.9619465617464464,0.0451519228410202,-1.3209991613972123,0.6040629252579481,-1.033313269987211,-0.0785590632537508,3.048224191425306,1.5193554364127493,-0.3583789235303062,0.7206572888939446,1.6545833482764225,-0.0653051576776911,1.1440974729337674,0.191969448351769,1.6282709479873665,1.3456073473059278,-0.5158953495149292,1.5631648411876,-0.2905579033110459,-0.5109826311379151,0.7684498416912109,0.5816916336724642,0.2187712323389799,1.4448160087196429,3.231947145554276,0.4024721360886842,-0.836592262940007,1.5690161352123186,0.1728511680889422,1.6829425029707747,0,train
GSM1447837,1.4779533689209698,0.7911647178916429,2.0546901511223523,1.9449739230054155,-0.1012298000574488,0.2461015619467056,-0.0935725553901643,-0.77632135454029,-0.364523055675271,0.3362978322720243,-0.6844685775038942,0.2841128531195191,0.8416546780044444,0.5407556782232652,0.6483453958191047,0.711377235892981,2.152757659827235,0.9694728953689375,0.849866829547273,-0.860788654730013,1.3280886113350576,-0.1323851864567296,-0.440130851661561,1.899478418559699,-0.1340657988706756,-0.030672780700411,1.613738054414526,1.4108757452780811,0.3671351600953231,1.0537692563950924,-0.8273790047590679,1.365194813192613,0.7664628856167107,-0.8922518750859264,0.0440958602574543,-0.7553719079747286,-0.6414662439072499,-0.0079011894754032,-0.1026158281589407,0.9092505364559572,0.7868958002517973,0.3469370372674352,1.2974109448321565,-1.283170813111205,0.4242897347335465,0.1834107773594694,0.2237179786917856,0,train
GSM1447839,1.935565201433095,0.0132872498775938,2.0891742524072354,-0.035734544214608,1.5827853591838148,1.226486209834762,0.0066649831454453,-0.988323638365968,0.7596251848662342,2.290008947087175,0.343823282860582,1.4022421211615654,-0.742402943017134,1.1326474505957502,1.0162926833381651,0.4046559571705478,3.787727651211,1.2957788715340306,-1.2673927793594673,-1.316962227128203,-1.4297170918125857,-2.2339144660479557,0.1672152242914293,3.860517227468352,-0.5670821338417497,-3.2190794070743607,-1.5429056668754235,1.6715074873735292,0.5777147930978294,0.268848202334892,0.1987201003591337,2.006021295384962,0.4579643651744166,0.5000905763222707,0.2390405468526357,-2.112541100837082,-0.2180885641769572,0.2497742063079507,-0.0706637287738167,-0.7325558088888426,-1.268036798923742,1.1222744292277649,-1.0511085998518004,-1.5146434647706253,-0.1150395469996804,0.9844325663094644,1.1238987099411322,0,train
GSM1447840,1.6125450843657128,1.0484718129774544,1.7220854322778365,0.5963282690726712,-0.9396080366624784,2.324517015469384,0.694962747756635,-0.9558394174571984,-0.3033330270299332,0.6198357273039392,-0.0479069496592179,0.0291445550676633,0.5229308105956756,1.3890019138808232,1.6714970637449145,0.1896889071257602,1.6314628799657425,1.517512012607641,-0.3666924607576016,-0.5741663216302607,-0.3454218027115526,-0.3671609370377672,-0.2699794218225919,1.330713077740603,1.246469868641044,-1.4507327329632873,-0.0389022338266607,1.1479874513030175,0.5777147930978294,1.9477071235192112,0.4957487886828179,0.5675344814110824,0.951940523674042,-0.3321344168417649,1.3427273878838175,0.0646301568564842,-0.9440771756489024,0.5722840565142084,1.5136278657385809,0.1082945436802653,0.909365795767457,1.8453418846514411,-0.3104216665283986,-0.0720310801861699,1.76317467663628,0.1170360905161543,1.7280266798280053,0,train
GSM1447841,1.418406731178751,-0.2011353293605824,1.6931632828130967,0.8774492296335852,-0.5657857060550394,0.9977297919942156,1.5102280611795962,-0.6669008209528423,0.0795417236366131,-1.6417165306887185,-2.412278710225158,0.0552632587705368,-0.1984475426395031,1.2929927133454862,1.5827378496504012,-0.2900546313888162,-0.8328397157431229,1.7779758333447615,-1.2673927793594673,0.5117689967335838,-0.3651785228773808,1.0930297068198984,-1.6973608610272788,-1.630071006297953,0.9660041462090132,-1.5298888061106053,0.6853875266448958,0.0783818603658514,0.1603158776821445,1.8044278834923528,-1.2121661691783965,0.1206423293558912,-0.0426359946844004,-0.2137499698311701,2.7328329607586896,-1.5271385572276333,-2.529314258442329,0.44593999148495,2.442901422855936,0.9092505364559572,-1.268036798923742,1.4112110228609214,0.0953580417838589,0.1267080651779793,0.3191205247955669,-3.1986812204293984,1.2095586459698675,0,train
GSM1447842,2.354023080361295,1.4427711114654342,2.5964242584042228,1.265138920341771,-0.5694150490706463,1.8822546076443292,0.2628275816253387,-0.5950935957860802,-1.7649005683871606,0.3227960277466949,1.4798409571680051,-0.692229166249785,1.6214657402645634,1.6364483070131326,2.283128739050721,-1.716177499978605,2.999015419342643,1.8389766538147956,0.3766364267130825,0.9719795034007888,0.8980894077258593,-1.1592905020063031,-0.5512019239175552,1.897876262670068,1.474822027783339,-0.4486168469182477,1.00911355871653,1.5259598911384091,0.1603158776821445,0.9540967415937972,-0.4560931443544606,0.8744566386716287,1.4184735622570226,-1.2721422647467906,0.91834780091123,1.4283769063886094,0.1081204677463827,0.9612907830516548,-0.1984721263143126,-0.3182682264186629,1.191331599396534,1.843889941969868,0.5053067197020653,-0.836592262940007,1.431487168370345,-1.8576108430724392,2.067660812152465,0,train
